Unity Editor version:    6000.5.10f1 (3bd4f66ad299)
Branch:                  6000.5/staging
Build type:              Release
Batch mode:              NO
System name:             Linux
Distro version:          #1 SMP PREEMPT_DYNAMIC Mon Aug 31 16:27:45 -03 2026
Kernel version:          6.18.48-gentoo-dist
Architecture:            x86_64
Window Protocol:         Wayland (XWayland)
Available memory:        7703 MB
Date:                    2026-09-04T05:59:46Z
[Licensing::Module] Trying to connect to existing licensing client channel...
[Licensing::IpcConnector] Successfully connected to: "LicenseClient-gabriel" at "2026-09-04T05:59:46.895675Z"
[SignatureVerifier] Application signature verification not supported on this platform.
[Licensing::Client] Error: HandshakeResponse reported an error:
	ResponseCode: 505
	ResponseStatus: Unsupported protocol version '1.18.3'.
[Licensing::Module] Error: Failed to handshake to channel: "LicenseClient-gabriel"
[Licensing::IpcConnector] LicenseClient-gabriel channel disconnected successfully.
[Licensing::IpcConnector] Channel LicenseClient-gabriel-6000.5.10 doesn't exist
[Licensing::Module] Successfully launched the LicensingClient (PId: 15063)
Selected window backend: (null) 
Desktop is 1920 x 1080 @ 60 Hz
Initialize udev device monitor.

COMMAND LINE ARGUMENTS:
/home/gabriel/Unity/Hub/Editor/6000.5.10f1/Editor/Unity
-projectPath
/home/gabriel/Documentos/Air Hockey
Successfully changed project path to: /home/gabriel/Documentos/Air Hockey
/home/gabriel/Documentos/Air Hockey
[UnityMemory] Configuration Parameters - Can be set up in boot.config
    "memorysetup-temp-allocator-size-gi-baking-worker=262144"
    "memorysetup-temp-allocator-size-gi-baking-worker=262144"
    "memorysetup-temp-allocator-size-gi-baking-worker=262144"
    "memorysetup-temp-allocator-size-gi-baking-worker=262144"
    "memorysetup-temp-allocator-size-gi-baking-worker=262144"
    "memorysetup-temp-allocator-size-nav-mesh-worker=65536"
    "memorysetup-temp-allocator-size-audio-worker=65536"
    "memorysetup-temp-allocator-size-cloud-worker=32768"
    "memorysetup-allocator-temp-initial-block-size-main=262144"
    "memorysetup-allocator-temp-initial-block-size-worker=262144"
    "memorysetup-temp-allocator-size-preload-manager=33554432"
    "memorysetup-remapper-allocator-initial-capacity=32768"
    "memorysetup-temp-allocator-size-gfx=262144"
    "memorysetup-temp-allocator-size-background-worker=32768"
    "memorysetup-temp-allocator-size-job-worker=262144"
    "memorysetup-bucket-allocator-granularity=16"
    "memorysetup-bucket-allocator-bucket-count=8"
    "memorysetup-bucket-allocator-block-size=33554432"
    "memorysetup-bucket-allocator-block-count=8"
    "memorysetup-main-allocator-block-size=16777216"
    "memorysetup-thread-allocator-block-size=16777216"
    "memorysetup-main-allocator-mimalloc-enabled=0"
    "memorysetup-gfx-main-allocator-block-size=16777216"
    "memorysetup-gfx-thread-allocator-block-size=16777216"
    "memorysetup-cache-allocator-block-size=4194304"
    "memorysetup-typetree-allocator-block-size=2097152"
    "memorysetup-profiler-bucket-allocator-granularity=16"
    "memorysetup-profiler-bucket-allocator-bucket-count=8"
    "memorysetup-profiler-bucket-allocator-block-size=33554432"
    "memorysetup-profiler-bucket-allocator-block-count=8"
    "memorysetup-profiler-allocator-block-size=16777216"
    "memorysetup-profiler-editor-allocator-block-size=1048576"
    "memorysetup-temp-allocator-size-main=16777216"
    "memorysetup-job-temp-allocator-block-size=2097152"
    "memorysetup-job-temp-allocator-block-size-background=1048576"
    "memorysetup-job-temp-allocator-reduction-small-platforms=262144"
Player connection [140265432885888]  Target information:

Player connection [140265432885888]  * "[IP] 192.168.43.208 [Port] 55504 [Flags] 2 [Guid] 2818945511 [EditorId] 2818945511 [Version] 1048832 [Id] LinuxEditor(16,192.168.43.208) [Debug] 1 [PackageName] LinuxEditor [ProjectName] Editor" 

Player connection [140265432885888] Host joined multi-casting on [225.0.0.222:54997]...
Player connection [140265432885888] Host joined alternative multi-casting on [225.0.0.222:34997]...
Input System module state changed to: Initialized.
[Physics::Module] Initialized fallback backend.
[Physics::Module] Id: 0xdecafbad
[Licensing::IpcConnector] Successfully connected to: "LicenseClient-gabriel-6000.5.10" at "2026-09-04T05:59:47.891388Z"
[SignatureVerifier] Application signature verification not supported on this platform.
[Licensing::Client] Handshaking with LicensingClient:
  Version:                 1.18.3+d7ffd15
  Session Id:              524f108f72df46cea307a77bf1f8b5d7
  Correlation Id:          3b1ea8d502da6ccc3086b0510c5a4bf1
  External correlation Id: 2839282711879410022
  Machine Id:              c/h4GOuyU9OWyOr6L4v0Yc+t3Yc=
[Licensing::Module] Successfully connected to LicensingClient on channel: "LicenseClient-gabriel-6000.5.10" (connect: 0.86s, validation: 0.17s, handshake: 0.00s)
[Licensing::IpcConnector] Successfully connected to: "LicenseClient-gabriel-6000.5.10-notifications" at "2026-09-04T05:59:48.058913Z"
[Licensing::Module] Connected to LicensingClient (PId: 15063, launch time: 0.00, total connection time: 1.02s)
[Licensing::Module] Error: Access token is unavailable; failed to update
[Licensing::Client] Successfully resolved entitlement details
[Licensing::Module] License group:
  Id: F4-BECS-ZC8W-Y4G5-T7U3-XXXX
  Product: Unity Personal
  Type: ULF
  Expiration: Unlimited
[Licensing::Module] License group:
  Id: 4674239138592-UnityPersXXXX
  Product: Unity Personal
  Type: Assigned
  Expiration: Unlimited
[Package Manager] Connected to IPC stream "Upm-15044" after 0.6 seconds.
[Licensing::Client] Successfully updated license, isAsync: True, time: 0.02
[Licensing::Client] Successfully resolved entitlement details
[Licensing::Module] License group:
  Id: F4-BECS-ZC8W-Y4G5-T7U3-XXXX
  Product: Unity Personal
  Type: ULF
  Expiration: Unlimited
[Licensing::Module] License group:
  Id: 4674239138592-UnityPersXXXX
  Product: Unity Personal
  Type: Assigned
  Expiration: Unlimited
[Licensing::Module] Licensing Background thread has ended after 1.33s
[Licensing::Client] Successfully resolved entitlement details
[Licensing::Module] License group:
  Id: F4-BECS-ZC8W-Y4G5-T7U3-XXXX
  Product: Unity Personal
  Type: ULF
  Expiration: Unlimited
[Licensing::Module] License group:
  Id: 4674239138592-UnityPersXXXX
  Product: Unity Personal
  Type: Assigned
  Expiration: Unlimited
Library Redirect Path: Library/
[Physics::Module] Selected backend.
[Physics::Module] Name: PhysX
[Physics::Module] Id: 0xf2b8ea05
[Physics::Module] SDK Version: 4.1.2
[Physics::Module] Integration Version: 1.0.0
[Physics::Module] Threading Mode: Multi-Threaded
Active build profile path: `Assets/Settings/Build Profiles/Linux.asset`
Artifact Garbage Collection - Removed 3 unused hashed content files
Got setting from build profile YAML, name `m_BuildTarget`, value `24`
Got setting from build profile YAML, name `m_Subtarget`, value `2`
Initialize engine version: 6000.5.10f1 (3bd4f66ad299)
[Subsystems] Discovering subsystems at path /home/gabriel/Unity/Hub/Editor/6000.5.10f1/Editor/Data/Resources/UnitySubsystems
[Subsystems] Discovering subsystems at path /home/gabriel/Documentos/Air Hockey/Assets
kGfxThreadingModeSplitJobs is not supported on OpenGL Core. Reverting to kGfxThreadingModeDirect instead.
GfxDevice: creating device client; kGfxThreadingModeDirect
GLX Extensions: GLX_ARB_context_flush_control GLX_ARB_create_context GLX_ARB_create_context_no_error GLX_ARB_create_context_profile GLX_ARB_create_context_robustness GLX_ARB_fbconfig_float GLX_ARB_framebuffer_sRGB GLX_ARB_get_proc_address GLX_ARB_multisample GLX_EXT_buffer_age GLX_EXT_create_context_es2_profile GLX_EXT_create_context_es_profile GLX_EXT_fbconfig_packed_float GLX_EXT_framebuffer_sRGB GLX_EXT_no_config_context GLX_EXT_swap_control GLX_EXT_swap_control_tear GLX_EXT_texture_from_pixmap GLX_EXT_visual_info GLX_EXT_visual_rating GLX_MESA_copy_sub_buffer GLX_MESA_gl_interop GLX_MESA_query_renderer GLX_MESA_swap_control GLX_OML_sync_control GLX_SGIS_multisample GLX_SGIX_fbconfig GLX_SGIX_pbuffer GLX_SGIX_visual_select_group GLX_SGI_make_current_read GLX_SGI_video_sync 
Renderer: Mesa Intel(R) Iris(R) Xe Graphics (TGL GT2)
Vendor:   Intel
Version:  4.6 (Core Profile) Mesa 26.1.8
GLES:     0
 GL_3DFX_texture_compression_FXT1 GL_AMD_conservative_depth GL_AMD_depth_clamp_separate GL_AMD_draw_buffers_blend GL_AMD_gpu_shader_int64 GL_AMD_multi_draw_indirect GL_AMD_performance_monitor GL_AMD_pinned_memory GL_AMD_query_buffer_object GL_AMD_seamless_cubemap_per_texture GL_AMD_shader_stencil_export GL_AMD_shader_trinary_minmax GL_AMD_texture_texture4 GL_AMD_vertex_shader_layer GL_AMD_vertex_shader_viewport_index GL_ANGLE_texture_compression_dxt3 GL_ANGLE_texture_compression_dxt5 GL_ARB_ES2_compatibility GL_ARB_ES3_1_compatibility GL_ARB_ES3_2_compatibility GL_ARB_ES3_compatibility GL_ARB_arrays_of_arrays GL_ARB_base_instance GL_ARB_blend_func_extended GL_ARB_buffer_storage GL_ARB_clear_buffer_object GL_ARB_clear_texture GL_ARB_clip_control GL_ARB_compressed_texture_pixel_storage GL_ARB_compute_shader GL_ARB_compute_variable_group_size GL_ARB_conditional_render_inverted GL_ARB_conservative_depth GL_ARB_copy_buffer GL_ARB_copy_image GL_ARB_cull_distance GL_ARB_debug_output GL_ARB_depth_buffer_float GL_ARB
_depth_clamp GL_ARB_derivative_control GL_ARB_direct_state_access GL_ARB_draw_buffers GL_ARB_draw_buffers_blend GL_ARB_draw_elements_base_vertex GL_ARB_draw_indirect GL_ARB_draw_instanced GL_ARB_enhanced_layouts GL_ARB_explicit_attrib_location GL_ARB_explicit_uniform_location GL_ARB_fragment_coord_conventions GL_ARB_fragment_layer_viewport GL_ARB_fragment_shader GL_ARB_fragment_shader_interlock GL_ARB_framebuffer_no_attachments GL_ARB_framebuffer_object GL_ARB_framebuffer_sRGB GL_ARB_get_program_binary GL_ARB_get_texture_sub_image GL_ARB_gl_spirv GL_ARB_gpu_shader5 GL_ARB_gpu_shader_fp64 GL_ARB_gpu_shader_int64 GL_ARB_half_float_pixel GL_ARB_half_float_vertex GL_ARB_indirect_parameters GL_ARB_instanced_arrays GL_ARB_internalformat_query GL_ARB_internalformat_query2 GL_ARB_invalidate_subdata GL_ARB_map_buffer_alignment GL_ARB_map_buffer_range GL_ARB_multi_bind GL_ARB_multi_draw_indirect GL_ARB_occlusion_query2 GL_ARB_parallel_shader_compile GL_ARB_pipeline_statistics_query GL_ARB_pixel_buffer_object GL_ARB_po
int_sprite GL_ARB_polygon_offset_clamp GL_ARB_post_depth_coverage GL_ARB_program_interface_query GL_ARB_provoking_vertex GL_ARB_query_buffer_object GL_ARB_robust_buffer_access_behavior GL_ARB_robustness GL_ARB_sample_shading GL_ARB_sampler_objects GL_ARB_seamless_cube_map GL_ARB_seamless_cubemap_per_texture GL_ARB_separate_shader_objects GL_ARB_shader_atomic_counter_ops GL_ARB_shader_atomic_counters GL_ARB_shader_ballot GL_ARB_shader_bit_encoding GL_ARB_shader_clock GL_ARB_shader_draw_parameters GL_ARB_shader_group_vote GL_ARB_shader_image_load_store GL_ARB_shader_image_size GL_ARB_shader_objects GL_ARB_shader_precision GL_ARB_shader_stencil_export GL_ARB_shader_storage_buffer_object GL_ARB_shader_subroutine GL_ARB_shader_texture_image_samples GL_ARB_shader_texture_lod GL_ARB_shader_viewport_layer_array GL_ARB_shading_language_420pack GL_ARB_shading_language_include GL_ARB_shading_language_packing GL_ARB_spirv_extensions GL_ARB_stencil_texturing GL_ARB_sync GL_ARB_tessellation_shader GL_ARB_texture_barrier G
L_ARB_texture_border_clamp GL_ARB_texture_buffer_object GL_ARB_texture_buffer_object_rgb32 GL_ARB_texture_buffer_range GL_ARB_texture_compression_bptc GL_ARB_texture_compression_rgtc GL_ARB_texture_cube_map_array GL_ARB_texture_filter_anisotropic GL_ARB_texture_filter_minmax GL_ARB_texture_float GL_ARB_texture_gather GL_ARB_texture_mirror_clamp_to_edge GL_ARB_texture_multisample GL_ARB_texture_non_power_of_two GL_ARB_texture_query_levels GL_ARB_texture_query_lod GL_ARB_texture_rectangle GL_ARB_texture_rg GL_ARB_texture_rgb10_a2ui GL_ARB_texture_stencil8 GL_ARB_texture_storage GL_ARB_texture_storage_multisample GL_ARB_texture_swizzle GL_ARB_texture_view GL_ARB_timer_query GL_ARB_transform_feedback2 GL_ARB_transform_feedback3 GL_ARB_transform_feedback_instanced GL_ARB_transform_feedback_overflow_query GL_ARB_uniform_buffer_object GL_ARB_vertex_array_bgra GL_ARB_vertex_array_object GL_ARB_vertex_attrib_64bit GL_ARB_vertex_attrib_binding GL_ARB_vertex_buffer_object GL_ARB_vertex_shader GL_ARB_vertex_type_10f_11f
_11f_rev GL_ARB_vertex_type_2_10_10_10_rev GL_ARB_viewport_array GL_ATI_blend_equation_separate GL_ATI_texture_float GL_EXT_EGL_image_storage GL_EXT_EGL_image_storage_compression GL_EXT_EGL_sync GL_EXT_abgr GL_EXT_blend_equation_separate GL_EXT_debug_label GL_EXT_demote_to_helper_invocation GL_EXT_depth_bounds_test GL_EXT_draw_buffers2 GL_EXT_draw_instanced GL_EXT_framebuffer_blit GL_EXT_framebuffer_multisample GL_EXT_framebuffer_multisample_blit_scaled GL_EXT_framebuffer_object GL_EXT_framebuffer_sRGB GL_EXT_memory_object GL_EXT_memory_object_fd GL_EXT_packed_depth_stencil GL_EXT_packed_float GL_EXT_pixel_buffer_object GL_EXT_polygon_offset_clamp GL_EXT_provoking_vertex GL_EXT_semaphore GL_EXT_semaphore_fd GL_EXT_shader_clock GL_EXT_shader_framebuffer_fetch GL_EXT_shader_framebuffer_fetch_non_coherent GL_EXT_shader_integer_mix GL_EXT_shader_samples_identical GL_EXT_texture_array GL_EXT_texture_compression_dxt1 GL_EXT_texture_compression_rgtc GL_EXT_texture_compression_s3tc GL_EXT_texture_filter_anisotropic 
GL_EXT_texture_integer GL_EXT_texture_sRGB GL_EXT_texture_sRGB_R8 GL_EXT_texture_sRGB_decode GL_EXT_texture_shadow_lod GL_EXT_texture_shared_exponent GL_EXT_texture_snorm GL_EXT_texture_storage GL_EXT_texture_swizzle GL_EXT_timer_query GL_EXT_transform_feedback GL_EXT_vertex_array_bgra GL_EXT_vertex_attrib_64bit GL_IBM_multimode_draw_arrays GL_INTEL_blackhole_render GL_INTEL_conservative_rasterization GL_INTEL_performance_query GL_INTEL_shader_atomic_float_minmax GL_INTEL_shader_integer_functions2 GL_KHR_blend_equation_advanced GL_KHR_blend_equation_advanced_coherent GL_KHR_context_flush_control GL_KHR_debug GL_KHR_no_error GL_KHR_parallel_shader_compile GL_KHR_robust_buffer_access_behavior GL_KHR_robustness GL_KHR_shader_subgroup GL_KHR_texture_compression_astc_ldr GL_KHR_texture_compression_astc_sliced_3d GL_MESA_framebuffer_flip_y GL_MESA_pack_invert GL_MESA_shader_integer_functions GL_MESA_texture_const_bandwidth GL_MESA_texture_signed_rgba GL_NV_alpha_to_coverage_dither_control GL_NV_compute_shader_deri
vatives GL_NV_conditional_render GL_NV_copy_image GL_NV_depth_clamp GL_NV_fragment_shader_interlock GL_NV_packed_depth_stencil GL_NV_texture_barrier GL_OES_EGL_image GL_S3_s3tc
OPENGL LOG: Creating OpenGL 4.6 graphics device ; Context level  <OpenGL 4.5> ; Context handle 1429077136
Initialize mono
Mono path[0] = '/home/gabriel/Unity/Hub/Editor/6000.5.10f1/Editor/Data/Managed'
Mono path[1] = '/home/gabriel/Unity/Hub/Editor/6000.5.10f1/Editor/Data/BCLExtensions/runtime/netstandard2.1'
Mono path[2] = '/home/gabriel/Unity/Hub/Editor/6000.5.10f1/Editor/Data/MonoBleedingEdge/lib/mono/unityjit-linux'
Mono config path = '/home/gabriel/Unity/Hub/Editor/6000.5.10f1/Editor/Data/MonoBleedingEdge/etc'
Using monoOptions --debugger-agent=transport=dt_socket,embedding=1,server=y,suspend=n,address=127.0.0.1:56044
CodeReloadManager initialized
ImportWorker Server TCP listen port: 0
AcceleratorClientConnectionCallback - disconnected - :0
Begin MonoManager ReloadAssembly
Registering precompiled unity dll's ...
Register platform support module: /home/gabriel/Unity/Hub/Editor/6000.5.10f1/Editor/Data/PlaybackEngines/LinuxStandaloneSupport/UnityEditor.LinuxStandalone.Extensions.dll
Registered in 0,002146 seconds.
Native extension for LinuxStandalone target not found
Package Manager log level set to [2]
[Licensing::Client] Successfully resolved entitlement details
ScheduleIndexationOnStartup MainProcess:False IndexOnStartup:True
Mono: successfully reloaded assembly
- Finished resetting the current domain, in  8,416 seconds
Domain Reload Profiling: 9342ms
	BeginReloadAssembly (164ms)
		CreateAndSetChildDomain (7ms)
	RebuildCommonClasses (8ms)
	RebuildNativeTypeToScriptingClass (24ms)
	initialDomainReloadingComplete (134ms)
	LoadAllAssembliesAndSetupDomain (593ms)
		LoadAssemblies (157ms)
		AnalyzeDomain (423ms)
			TypeCache.Refresh (421ms)
				TypeCache.ScanAssembly (392ms)
	FinalizeReload (8418ms)
		SetupLoadedEditorAssemblies (0ms)
			InitializePlatformSupportModulesInManaged (5ms)
			BeforeProcessingInitializeOnLoad (208ms)
			ProcessInitializeOnLoadAttributes (270ms)
			ProcessInitializeOnLoadMethodAttributes (7788ms)
[Licensing::Client] Successfully resolved entitlement details
[Licensing::Module] License group:
  Id: F4-BECS-ZC8W-Y4G5-T7U3-XXXX
  Product: Unity Personal
  Type: ULF
  Expiration: Unlimited
[Licensing::Module] License group:
  Id: 4674239138592-UnityPersXXXX
  Product: Unity Personal
  Type: Assigned
  Expiration: Unlimited
Application.AssetDatabase Initial Refresh Start
[Package Manager] Restoring resolved packages state from cache
[Licensing::Client] Successfully resolved entitlement details
[Package Manager] Registered 65 packages:
  Packages from [https://packages.unity.com]:
    com.unity.2d.animation@15.1.0 (location: /home/gabriel/Documentos/Air Hockey/Library/PackageCache/com.unity.2d.animation@6d5a363ae647)
    com.unity.2d.aseprite@5.0.3 (location: /home/gabriel/Documentos/Air Hockey/Library/PackageCache/com.unity.2d.aseprite@d13865913efa)
    com.unity.2d.psdimporter@14.0.3 (location: /home/gabriel/Documentos/Air Hockey/Library/PackageCache/com.unity.2d.psdimporter@5d82044f9e43)
    com.unity.2d.spriteshape@15.0.3 (location: /home/gabriel/Documentos/Air Hockey/Library/PackageCache/com.unity.2d.spriteshape@fcb7ec61a58b)
    com.unity.2d.tilemap.extras@8.0.3 (location: /home/gabriel/Documentos/Air Hockey/Library/PackageCache/com.unity.2d.tilemap.extras@a80140457adc)
    com.unity.2d.tooling@3.0.1 (location: /home/gabriel/Documentos/Air Hockey/Library/PackageCache/com.unity.2d.tooling@6f06ffb033c0)
    com.unity.collab-proxy@2.13.6 (location: /home/gabriel/Documentos/Air Hockey/Library/PackageCache/com.unity.collab-proxy@4628d2ba6ea4)
    com.unity.ide.rider@3.0.38 (location: /home/gabriel/Documentos/Air Hockey/Library/PackageCache/com.unity.ide.rider@1f60b3138684)
    com.unity.ide.visualstudio@2.0.26 (location: /home/gabriel/Documentos/Air Hockey/Library/PackageCache/com.unity.ide.visualstudio@a99d56dec63f)
    com.unity.inputsystem@1.20.0 (location: /home/gabriel/Documentos/Air Hockey/Library/PackageCache/com.unity.inputsystem@7a4e1a2a8194)
    com.unity.timeline@1.8.13 (location: /home/gabriel/Documentos/Air Hockey/Library/PackageCache/com.unity.timeline@3a22918286f5)
    com.unity.visualscripting@1.9.12 (location: /home/gabriel/Documentos/Air Hockey/Library/PackageCache/com.unity.visualscripting@4edfcc09512f)
    com.unity.2d.common@14.0.1 (location: /home/gabriel/Documentos/Air Hockey/Library/PackageCache/com.unity.2d.common@73badf92ba8b)
    com.unity.searcher@4.9.5 (location: /home/gabriel/Documentos/Air Hockey/Library/PackageCache/com.unity.searcher@a463122f2c00)
    com.unity.burst@1.8.30 (location: /home/gabriel/Documentos/Air Hockey/Library/PackageCache/com.unity.burst@2f3d916873ea)
    com.unity.nuget.mono-cecil@1.11.6 (location: /home/gabriel/Documentos/Air Hockey/Library/PackageCache/com.unity.nuget.mono-cecil@ecb9724e46ff)
    com.unity.test-framework.performance@3.5.0 (location: /home/gabriel/Documentos/Air Hockey/Library/PackageCache/com.unity.test-framework.performance@8b56083ec0f0)
  Built-in packages:
    com.unity.2d.sprite@1.0.0 (location: /home/gabriel/Documentos/Air Hockey/Library/PackageCache/com.unity.2d.sprite@d43791c37639)
    com.unity.2d.tilemap@1.0.0 (location: /home/gabriel/Documentos/Air Hockey/Library/PackageCache/com.unity.2d.tilemap@b2e842def0b1)
    com.unity.multiplayer.center@1.0.1 (location: /home/gabriel/Documentos/Air Hockey/Library/PackageCache/com.unity.multiplayer.center@095ed72d0927)
    com.unity.render-pipelines.universal@17.5.0 (location: /home/gabriel/Documentos/Air Hockey/Library/PackageCache/com.unity.render-pipelines.universal@ed85b9da889e)
    com.unity.test-framework@1.7.0 (location: /home/gabriel/Documentos/Air Hockey/Library/PackageCache/com.unity.test-framework@773a3a4953ad)
    com.unity.ugui@2.5.0 (location: /home/gabriel/Documentos/Air Hockey/Library/PackageCache/com.unity.ugui@241bd5dd93e7)
    com.unity.modules.accessibility@1.0.0 (location: /home/gabriel/Documentos/Air Hockey/Library/PackageCache/com.unity.modules.accessibility)
    com.unity.modules.adaptiveperformance@1.0.0 (location: /home/gabriel/Documentos/Air Hockey/Library/PackageCache/com.unity.modules.adaptiveperformance)
    com.unity.modules.ai@1.0.0 (location: /home/gabriel/Documentos/Air Hockey/Library/PackageCache/com.unity.modules.ai)
    com.unity.modules.androidjni@1.0.0 (location: /home/gabriel/Documentos/Air Hockey/Library/PackageCache/com.unity.modules.androidjni)
    com.unity.modules.animation@1.0.0 (location: /home/gabriel/Documentos/Air Hockey/Library/PackageCache/com.unity.modules.animation)
    com.unity.modules.assetbundle@1.0.0 (location: /home/gabriel/Documentos/Air Hockey/Library/PackageCache/com.unity.modules.assetbundle)
    com.unity.modules.audio@1.0.0 (location: /home/gabriel/Documentos/Air Hockey/Library/PackageCache/com.unity.modules.audio)
    com.unity.modules.cloth@1.0.0 (location: /home/gabriel/Documentos/Air Hockey/Library/PackageCache/com.unity.modules.cloth)
    com.unity.modules.director@1.0.0 (location: /home/gabriel/Documentos/Air Hockey/Library/PackageCache/com.unity.modules.director)
    com.unity.modules.imageconversion@1.0.0 (location: /home/gabriel/Documentos/Air Hockey/Library/PackageCache/com.unity.modules.imageconversion)
    com.unity.modules.imgui@1.0.0 (location: /home/gabriel/Documentos/Air Hockey/Library/PackageCache/com.unity.modules.imgui)
    com.unity.modules.jsonserialize@1.0.0 (location: /home/gabriel/Documentos/Air Hockey/Library/PackageCache/com.unity.modules.jsonserialize)
    com.unity.modules.particlesystem@1.0.0 (location: /home/gabriel/Documentos/Air Hockey/Library/PackageCache/com.unity.modules.particlesystem)
    com.unity.modules.physics@1.0.0 (location: /home/gabriel/Documentos/Air Hockey/Library/PackageCache/com.unity.modules.physics)
    com.unity.modules.physics2d@1.0.0 (location: /home/gabriel/Documentos/Air Hockey/Library/PackageCache/com.unity.modules.physics2d)
    com.unity.modules.physicscore2d@1.0.0 (location: /home/gabriel/Documentos/Air Hockey/Library/PackageCache/com.unity.modules.physicscore2d)
    com.unity.modules.screencapture@1.0.0 (location: /home/gabriel/Documentos/Air Hockey/Library/PackageCache/com.unity.modules.screencapture)
    com.unity.modules.terrain@1.0.0 (location: /home/gabriel/Documentos/Air Hockey/Library/PackageCache/com.unity.modules.terrain)
    com.unity.modules.terrainphysics@1.0.0 (location: /home/gabriel/Documentos/Air Hockey/Library/PackageCache/com.unity.modules.terrainphysics)
    com.unity.modules.tilemap@1.0.0 (location: /home/gabriel/Documentos/Air Hockey/Library/PackageCache/com.unity.modules.tilemap)
    com.unity.modules.ui@1.0.0 (location: /home/gabriel/Documentos/Air Hockey/Library/PackageCache/com.unity.modules.ui)
    com.unity.modules.uielements@1.0.0 (location: /home/gabriel/Documentos/Air Hockey/Library/PackageCache/com.unity.modules.uielements)
    com.unity.modules.umbra@1.0.0 (location: /home/gabriel/Documentos/Air Hockey/Library/PackageCache/com.unity.modules.umbra)
    com.unity.modules.unityanalytics@1.0.0 (location: /home/gabriel/Documentos/Air Hockey/Library/PackageCache/com.unity.modules.unityanalytics)
    com.unity.modules.unitywebrequest@1.0.0 (location: /home/gabriel/Documentos/Air Hockey/Library/PackageCache/com.unity.modules.unitywebrequest)
    com.unity.modules.unitywebrequestassetbundle@1.0.0 (location: /home/gabriel/Documentos/Air Hockey/Library/PackageCache/com.unity.modules.unitywebrequestassetbundle)
    com.unity.modules.unitywebrequestaudio@1.0.0 (location: /home/gabriel/Documentos/Air Hockey/Library/PackageCache/com.unity.modules.unitywebrequestaudio)
    com.unity.modules.unitywebrequesttexture@1.0.0 (location: /home/gabriel/Documentos/Air Hockey/Library/PackageCache/com.unity.modules.unitywebrequesttexture)
    com.unity.modules.unitywebrequestwww@1.0.0 (location: /home/gabriel/Documentos/Air Hockey/Library/PackageCache/com.unity.modules.unitywebrequestwww)
    com.unity.modules.vectorgraphics@1.0.0 (location: /home/gabriel/Documentos/Air Hockey/Library/PackageCache/com.unity.modules.vectorgraphics)
    com.unity.modules.vehicles@1.0.0 (location: /home/gabriel/Documentos/Air Hockey/Library/PackageCache/com.unity.modules.vehicles)
    com.unity.modules.video@1.0.0 (location: /home/gabriel/Documentos/Air Hockey/Library/PackageCache/com.unity.modules.video)
    com.unity.modules.wind@1.0.0 (location: /home/gabriel/Documentos/Air Hockey/Library/PackageCache/com.unity.modules.wind)
    com.unity.modules.xr@1.0.0 (location: /home/gabriel/Documentos/Air Hockey/Library/PackageCache/com.unity.modules.xr)
    com.unity.modules.subsystems@1.0.0 (location: /home/gabriel/Documentos/Air Hockey/Library/PackageCache/com.unity.modules.subsystems)
    com.unity.modules.hierarchycore@1.0.0 (location: /home/gabriel/Documentos/Air Hockey/Library/PackageCache/com.unity.modules.hierarchycore)
    com.unity.ext.nunit@2.1.0 (location: /home/gabriel/Documentos/Air Hockey/Library/PackageCache/com.unity.ext.nunit@9054f8d1d690)
    com.unity.render-pipelines.core@17.5.0 (location: /home/gabriel/Documentos/Air Hockey/Library/PackageCache/com.unity.render-pipelines.core@f54051cecb82)
    com.unity.shadergraph@17.5.0 (location: /home/gabriel/Documentos/Air Hockey/Library/PackageCache/com.unity.shadergraph@d5dbee5c0619)
    com.unity.render-pipelines.universal-config@17.5.0 (location: /home/gabriel/Documentos/Air Hockey/Library/PackageCache/com.unity.render-pipelines.universal-config@47de94ac0cce)
    com.unity.mathematics@1.4.0 (location: /home/gabriel/Documentos/Air Hockey/Library/PackageCache/com.unity.mathematics@bdc7f308708c)
    com.unity.collections@6.5.0 (location: /home/gabriel/Documentos/Air Hockey/Library/PackageCache/com.unity.collections@c461d9198d5e)
[Subsystems] No new subsystems found in resolved package list.
[Package Manager] Done registering packages in 0,01 seconds
info: Microsoft.Hosting.Lifetime[14]
      Now listening on: http://unix:/tmp/ilpp.sock-e1957913b840194c0b50f1fe957e8f13
info: Microsoft.Hosting.Lifetime[0]
      Application started. Press Ctrl+C to shut down.
info: Microsoft.Hosting.Lifetime[0]
      Hosting environment: Production
info: Microsoft.Hosting.Lifetime[0]
      Content root path: /home/gabriel/Documentos/Air Hockey
info: Microsoft.AspNetCore.Hosting.Diagnostics[1]
      Request starting HTTP/2 POST http://ilpp/UnityILPP.PostProcessing/Ping - application/grpc -
info: Microsoft.AspNetCore.Routing.EndpointMiddleware[0]
      Executing endpoint 'gRPC - /UnityILPP.PostProcessing/Ping'
info: Microsoft.AspNetCore.Routing.EndpointMiddleware[1]
      Executed endpoint 'gRPC - /UnityILPP.PostProcessing/Ping'
info: Microsoft.AspNetCore.Hosting.Diagnostics[2]
      Request finished HTTP/2 POST http://ilpp/UnityILPP.PostProcessing/Ping - 200 - application/grpc 76.8321ms
Starting: /home/gabriel/Unity/Hub/Editor/6000.5.10f1/Editor/Data/Tools/BuildPipeline/bee_backend --ipc --defer-dag-verification --dagfile="Library/Bee/2400b0aE.dag" --continue-on-failure --profile="Library/Bee/backend1.traceevents" ScriptAssemblies
WorkingDir: /home/gabriel/Documentos/Air Hockey
info: Microsoft.AspNetCore.Hosting.Diagnostics[1]
      Request starting HTTP/2 POST http://ilpp/UnityILPP.PostProcessing/ConfigurePostProcessors - application/grpc -
info: Microsoft.AspNetCore.Routing.EndpointMiddleware[0]
      Executing endpoint 'gRPC - /UnityILPP.PostProcessing/ConfigurePostProcessors'
warn: Unity.ILPP.Runner.PostProcessingAssemblyLoadContext[0]
      Assembly system.runtime.interopservices.windowsruntime has duplicate hint path. Ignoring "/home/gabriel/Unity/Hub/Editor/6000.5.10f1/Editor/Data/UnityReferenceAssemblies/unity-4.8-api/Facades/System.Runtime.InteropServices.WindowsRuntime.dll" in favor of "/home/gabriel/Unity/Hub/Editor/6000.5.10f1/Editor/Data/NetStandard/Extensions/2.0.0/System.Runtime.InteropServices.WindowsRuntime.dll"
warn: Unity.ILPP.Runner.PostProcessingAssemblyLoadContext[0]
      Assembly system.componentmodel.composition has duplicate hint path. Ignoring "/home/gabriel/Unity/Hub/Editor/6000.5.10f1/Editor/Data/UnityReferenceAssemblies/unity-4.8-api/System.ComponentModel.Composition.dll" in favor of "/home/gabriel/Unity/Hub/Editor/6000.5.10f1/Editor/Data/NetStandard/compat/2.1.0/shims/netfx/System.ComponentModel.Composition.dll"
info: Unity.ILPP.Runner.PostProcessingAssemblyLoadContext[0]
      Resolved Unity.Burst.Cecil, Version=0.11.6.0, Culture=neutral, PublicKeyToken=50cebf1cceb9d05e with Library/PackageCache/com.unity.burst@2f3d916873ea/Unity.Burst.CodeGen/Unity.Burst.Cecil.dll
info: Unity.ILPP.Runner.PostProcessingAssemblyLoadContext[0]
      Resolved Mono.Cecil, Version=0.11.5.0, Culture=neutral, PublicKeyToken=50cebf1cceb9d05e with Library/PackageCache/com.unity.nuget.mono-cecil@ecb9724e46ff/Mono.Cecil.dll
info: Microsoft.AspNetCore.Routing.EndpointMiddleware[1]
      Executed endpoint 'gRPC - /UnityILPP.PostProcessing/ConfigurePostProcessors'
info: Microsoft.AspNetCore.Hosting.Diagnostics[2]
      Request finished HTTP/2 POST http://ilpp/UnityILPP.PostProcessing/ConfigurePostProcessors - 200 - application/grpc 42.2889ms
ExitCode: 4 Duration: 3s214ms
[ 530/1038  0s] CopyFiles Library/ScriptAssemblies/UnityEngine.TestRunner.dll
[ 534/1038  0s] CopyFiles Library/ScriptAssemblies/UnityEngine.TestRunner.pdb
[ 535/1038  0s] CopyFiles Library/ScriptAssemblies/UnityEditor.TestRunner.dll
[ 537/1038  0s] CopyFiles Library/ScriptAssemblies/UnityEditor.TestRunner.pdb
[ 661/1038  0s] CopyFiles Library/ScriptAssemblies/Unity.Rider.Editor.pdb
[ 664/1038  0s] CopyFiles Library/ScriptAssemblies/Unity.VisualStudio.Editor.pdb
[ 665/1038  0s] CopyFiles Library/ScriptAssemblies/Unity.VisualStudio.Editor.dll
[ 677/1038  0s] CopyFiles Library/ScriptAssemblies/Unity.Burst.CodeGen.pdb
[ 679/1038  0s] CopyFiles Library/ScriptAssemblies/Unity.Collections.CodeGen.pdb
[ 680/1038  0s] CopyFiles Library/ScriptAssemblies/Unity.Rider.Editor.dll
[ 683/1038  0s] CopyFiles Library/ScriptAssemblies/Unity.Collections.CodeGen.dll
[ 684/1038  0s] CopyFiles Library/ScriptAssemblies/Unity.Burst.CodeGen.dll
[ 787/1038  0s] ILPP-Configuration Library/ilpp-configuration.nevergeneratedoutput
[ 870/1038  0s] CopyFiles Library/ScriptAssemblies/Unity.SurfaceCache.Runtime.dll
[ 871/1038  0s] CopyFiles Library/ScriptAssemblies/Unity.RenderPipelines.Core.ShaderLibrary.dll
[ 872/1038  0s] CopyFiles Library/ScriptAssemblies/Unity.VisualScripting.DocCodeExamples.dll
[ 873/1038  0s] CopyFiles Library/ScriptAssemblies/Unity.2D.SpriteShape.Runtime.dll
[ 874/1038  0s] CopyFiles Library/ScriptAssemblies/Unity.2D.Animation.Runtime.dll
[ 875/1038  0s] CopyFiles Library/ScriptAssemblies/Unity.Multiplayer.Center.Common.dll
[ 876/1038  0s] CopyFiles Library/ScriptAssemblies/Unity.InternalAPIEngineBridge.004.dll
[ 877/1038  0s] CopyFiles Library/ScriptAssemblies/UnityEngine.UI.dll
[ 878/1038  0s] CopyFiles Library/ScriptAssemblies/Unity.InternalAPIEngineBridge.RenderPipelines.Core.Runtime.Shared.dll
[ 879/1038  0s] CopyFiles Library/ScriptAssemblies/Unity.RenderPipelines.Universal.Config.Runtime.dll
[ 880/1038  0s] CopyFiles Library/ScriptAssemblies/Unity.2D.IK.Runtime.dll
[ 881/1038  0s] CopyFiles Library/ScriptAssemblies/Unity.RenderPipelines.ShaderGraph.ShaderGraphLibrary.dll
[ 882/1038  0s] CopyFiles Library/ScriptAssemblies/Unity.InternalAPIEngineBridge.001.dll
[ 883/1038  0s] CopyFiles Library/ScriptAssemblies/Unity.PathTracing.Runtime.dll
[ 884/1038  0s] CopyFiles Library/ScriptAssemblies/Unity.UnifiedRayTracing.Runtime.dll
[ 885/1038  0s] CopyFiles Library/ScriptAssemblies/Unity.PerformanceTesting.dll
[ 886/1038  0s] CopyFiles Library/ScriptAssemblies/Unity.InputSystem.ForUI.dll
[ 887/1038  0s] CopyFiles Library/ScriptAssemblies/Unity.RenderPipelines.Universal.2D.Runtime.dll
[ 888/1038  0s] CopyFiles Library/ScriptAssemblies/Unity.VisualScripting.Core.dll
[ 889/1038  0s] CopyFiles Library/ScriptAssemblies/Unity.2D.Common.Runtime.dll
[ 890/1038  0s] CopyFiles Library/ScriptAssemblies/Unity.InputSystem.TestFramework.dll
[ 891/1038  0s] CopyFiles Library/ScriptAssemblies/Unity.RenderPipeline.Universal.ShaderLibrary.dll
[ 892/1038  0s] CopyFiles Library/ScriptAssemblies/Unity.Collections.dll
[ 893/1038  0s] CopyFiles Library/ScriptAssemblies/Unity.RenderPipelines.Universal.Shaders.dll
[ 894/1038  0s] CopyFiles Library/ScriptAssemblies/Unity.Timeline.dll
[ 895/1038  0s] CopyFiles Library/ScriptAssemblies/Unity.2D.Tilemap.Extras.dll
[ 896/1038  0s] CopyFiles Library/ScriptAssemblies/Unity.Burst.dll
[ 897/1038  0s] CopyFiles Library/ScriptAssemblies/Unity.RenderPipelines.GPUDriven.Runtime.dll
[ 898/1038  0s] CopyFiles Library/ScriptAssemblies/Unity.TextMeshPro.dll
[ 899/1038  0s] CopyFiles Library/ScriptAssemblies/Unity.RenderPipelines.Core.Runtime.dll
[ 900/1038  0s] CopyFiles Library/ScriptAssemblies/Unity.RenderPipelines.Core.Runtime.Shared.dll
[ 901/1038  0s] CopyFiles Library/ScriptAssemblies/Unity.Mathematics.dll
[ 902/1038  0s] CopyFiles Library/ScriptAssemblies/Unity.RenderPipelines.Universal.Config.Runtime.pdb
[ 903/1038  0s] CopyFiles Library/ScriptAssemblies/Unity.VisualScripting.Flow.dll
[ 904/1038  0s] CopyFiles Library/ScriptAssemblies/Unity.VisualScripting.State.dll
[ 905/1038  0s] CopyFiles Library/ScriptAssemblies/Unity.PathTracing.Runtime.pdb
[ 906/1038  0s] CopyFiles Library/ScriptAssemblies/Unity.RenderPipelines.Universal.Runtime.dll
[ 907/1038  0s] CopyFiles Library/ScriptAssemblies/Unity.2D.Triangulation.Runtime.pdb
[ 908/1038  0s] CopyFiles Library/ScriptAssemblies/Unity.InputSystem.DocCodeSamples.pdb
[ 909/1038  0s] CopyFiles Library/ScriptAssemblies/Unity.RenderPipelines.Core.ShaderLibrary.pdb
[ 910/1038  0s] CopyFiles Library/ScriptAssemblies/Unity.2D.IK.Runtime.pdb
[ 911/1038  0s] CopyFiles Library/ScriptAssemblies/Unity.UnifiedRayTracing.Runtime.pdb
[ 912/1038  0s] CopyFiles Library/ScriptAssemblies/Unity.2D.Animation.Editor.pdb
[ 913/1038  0s] CopyFiles Library/ScriptAssemblies/Unity.RenderPipelines.GPUDriven.Runtime.pdb
[ 914/1038  0s] CopyFiles Library/ScriptAssemblies/Unity.Multiplayer.Center.Editor.pdb
[ 915/1038  0s] CopyFiles Library/ScriptAssemblies/Unity.2D.Common.Runtime.pdb
[ 916/1038  0s] CopyFiles Library/ScriptAssemblies/Unity.RenderPipelines.Universal.2D.Editor.Overrides.pdb
[ 917/1038  0s] CopyFiles Library/ScriptAssemblies/Unity.PlasticSCM.Editor.Assistant.dll
[ 918/1038  0s] CopyFiles Library/ScriptAssemblies/Unity.RenderPipelines.Core.Editor.Shared.pdb
[ 919/1038  0s] CopyFiles Library/ScriptAssemblies/Unity.2D.Psdimporter.Editor.pdb
[ 920/1038  0s] CopyFiles Library/ScriptAssemblies/Unity.ShaderGraph.Editor.pdb
[ 921/1038  0s] CopyFiles Library/ScriptAssemblies/Unity.InputSystem.dll
[ 922/1038  0s] CopyFiles Library/ScriptAssemblies/Unity.Collections.Editor.pdb
[ 923/1038  0s] CopyFiles Library/ScriptAssemblies/ScriptablePacker.dll
[ 924/1038  0s] CopyFiles Library/ScriptAssemblies/Unity.Rendering.LightTransport.Editor.pdb
[ 925/1038  0s] CopyFiles Library/ScriptAssemblies/Unity.InputSystem.ForUI.Editor.dll
[ 926/1038  0s] CopyFiles Library/ScriptAssemblies/Unity.VisualScripting.State.pdb
[ 927/1038  0s] CopyFiles Library/ScriptAssemblies/Unity.VisualScripting.Flow.Editor.pdb
[ 928/1038  0s] CopyFiles Library/ScriptAssemblies/Unity.PerformanceTesting.Editor.dll
[ 929/1038  0s] CopyFiles Library/ScriptAssemblies/Unity.2D.IK.Editor.dll
[ 930/1038  0s] CopyFiles Library/ScriptAssemblies/Unity.InternalAPIEngineBridge.004.pdb
[ 931/1038  0s] CopyFiles Library/ScriptAssemblies/Unity.RenderPipelines.Core.Runtime.Shared.pdb
[ 932/1038  0s] CopyFiles Library/ScriptAssemblies/Unity.VisualScripting.State.Editor.dll
[ 933/1038  0s] CopyFiles Library/ScriptAssemblies/Unity.Timeline.Editor.pdb
[ 934/1038  0s] CopyFiles Library/ScriptAssemblies/Unity.RenderPipelines.Universal.2D.Editor.Overrides.dll
[ 935/1038  0s] CopyFiles Library/ScriptAssemblies/Unity.2D.Tilemap.Editor.pdb
[ 936/1038  0s] CopyFiles Library/ScriptAssemblies/Unity.InputSystem.pdb
[ 937/1038  0s] CopyFiles Library/ScriptAssemblies/Unity.VisualScripting.Core.Editor.dll
[ 938/1038  0s] CopyFiles Library/ScriptAssemblies/Unity.2D.Psdimporter.Editor.dll
[ 939/1038  0s] CopyFiles Library/ScriptAssemblies/Unity.PlasticSCM.Editor.Assistant.pdb
[ 940/1038  0s] CopyFiles Library/ScriptAssemblies/Unity.Collections.Editor.dll
[ 941/1038  0s] CopyFiles Library/ScriptAssemblies/Unity.InternalAPIEditorBridge.001.pdb
[ 942/1038  0s] CopyFiles Library/ScriptAssemblies/Unity.PerformanceTesting.pdb
[ 943/1038  0s] CopyFiles Library/ScriptAssemblies/ScriptablePacker.pdb
[ 944/1038  0s] CopyFiles Library/ScriptAssemblies/Unity.2D.Aseprite.Editor.pdb
[ 945/1038  0s] CopyFiles Library/ScriptAssemblies/Unity.InputSystem.ForUI.Editor.pdb
[ 946/1038  0s] CopyFiles Library/ScriptAssemblies/Unity.RenderPipelines.Universal.Runtime.pdb
[ 947/1038  0s] CopyFiles Library/ScriptAssemblies/Unity.2D.Common.Editor.dll
[ 948/1038  0s] CopyFiles Library/ScriptAssemblies/Unity.2D.Tooling.Editor.dll
[ 949/1038  0s] CopyFiles Library/ScriptAssemblies/PsdPlugin.dll
[ 950/1038  0s] CopyFiles Library/ScriptAssemblies/Unity.RenderPipelines.Universal.2D.Runtime.pdb
[ 951/1038  0s] CopyFiles Library/ScriptAssemblies/Unity.VisualScripting.Flow.Editor.dll
[ 952/1038  0s] CopyFiles Library/ScriptAssemblies/Unity.Timeline.Editor.dll
[ 953/1038  0s] CopyFiles Library/ScriptAssemblies/Unity.TextMeshPro.Editor.dll
[ 954/1038  0s] CopyFiles Library/ScriptAssemblies/Unity.2D.Tilemap.Editor.dll
[ 955/1038  0s] CopyFiles Library/ScriptAssemblies/Unity.2D.Aseprite.Common.dll
[ 956/1038  0s] CopyFiles Library/ScriptAssemblies/Unity.2D.Tooling.Editor.pdb
[ 957/1038  0s] CopyFiles Library/ScriptAssemblies/Unity.2D.Tilemap.Extras.pdb
[ 958/1038  0s] CopyFiles Library/ScriptAssemblies/Unity.InternalAPIEngineBridge.RenderPipelines.Core.Editor.pdb
[ 959/1038  0s] CopyFiles Library/ScriptAssemblies/Unity.Mathematics.pdb
[ 960/1038  0s] CopyFiles Library/ScriptAssemblies/Unity.2D.Animation.Runtime.pdb
[ 961/1038  0s] CopyFiles Library/ScriptAssemblies/Unity.PlasticSCM.Editor.pdb
[ 962/1038  0s] CopyFiles Library/ScriptAssemblies/Unity.VisualScripting.Flow.pdb
[ 963/1038  0s] CopyFiles Library/ScriptAssemblies/Unity.2D.Sprite.Editor.dll
[ 964/1038  0s] CopyFiles Library/ScriptAssemblies/Unity.2D.SpriteShape.Editor.dll
[ 965/1038  0s] CopyFiles Library/ScriptAssemblies/Unity.PathTracing.Editor.pdb
[ 966/1038  0s] CopyFiles Library/ScriptAssemblies/Unity.2D.SpriteShape.Editor.pdb
[ 967/1038  0s] CopyFiles Library/ScriptAssemblies/Unity.2D.SpriteShape.Runtime.pdb
[ 968/1038  0s] CopyFiles Library/ScriptAssemblies/Unity.InternalAPIEditorBridge.001.dll
[ 969/1038  0s] CopyFiles Library/ScriptAssemblies/Unity.2D.Tilemap.Extras.Editor.pdb
[ 970/1038  0s] CopyFiles Library/ScriptAssemblies/Unity.RenderPipelines.Universal.Editor.dll
[ 971/1038  0s] CopyFiles Library/ScriptAssemblies/Unity.InternalAPIEngineBridge.RenderPipelines.Core.Editor.dll
[ 972/1038  0s] CopyFiles Library/ScriptAssemblies/Unity.VisualScripting.SettingsProvider.Editor.pdb
[ 973/1038  0s] CopyFiles Library/ScriptAssemblies/Unity.SurfaceCache.Runtime.pdb
[ 974/1038  0s] CopyFiles Library/ScriptAssemblies/Unity.InternalAPIEditorBridge.ShaderGraph.Editor.dll
[ 975/1038  0s] CopyFiles Library/ScriptAssemblies/Unity.Burst.pdb
[ 976/1038  0s] CopyFiles Library/ScriptAssemblies/Unity.InputSystem.ForUI.pdb
[ 977/1038  0s] CopyFiles Library/ScriptAssemblies/Unity.VisualScripting.Shared.Editor.dll
[ 978/1038  0s] CopyFiles Library/ScriptAssemblies/Unity.2D.Aseprite.Editor.dll
[ 979/1038  0s] CopyFiles Library/ScriptAssemblies/Unity.Multiplayer.Center.Editor.dll
[ 980/1038  0s] CopyFiles Library/ScriptAssemblies/Unity.InternalAPIEngineBridge.RenderPipelines.Core.Runtime.Shared.pdb
[ 981/1038  0s] CopyFiles Library/ScriptAssemblies/Unity.RenderPipeline.Universal.ShaderLibrary.pdb
[ 982/1038  0s] CopyFiles Library/ScriptAssemblies/Unity.Searcher.Editor.dll
[ 983/1038  0s] CopyFiles Library/ScriptAssemblies/Unity.InternalAPIEditorBridge.ShaderGraph.Editor.pdb
[ 984/1038  0s] CopyFiles Library/ScriptAssemblies/Unity.RenderPipelines.Universal.Editor.pdb
[ 985/1038  0s] CopyFiles Library/ScriptAssemblies/Unity.VisualScripting.DocCodeExamples.pdb
[ 986/1038  0s] CopyFiles Library/ScriptAssemblies/Unity.TextMeshPro.Editor.pdb
[ 987/1038  0s] CopyFiles Library/ScriptAssemblies/Unity.Burst.Editor.dll
[ 988/1038  0s] CopyFiles Library/ScriptAssemblies/Unity.RenderPipelines.Universal.Shaders.pdb
[ 989/1038  0s] CopyFiles Library/ScriptAssemblies/Unity.CollabProxy.Editor.pdb
[ 990/1038  0s] CopyFiles Library/ScriptAssemblies/Unity.Multiplayer.Center.Common.pdb
[ 991/1038  0s] CopyFiles Library/ScriptAssemblies/UnityEngine.UI.pdb
[ 992/1038  0s] CopyFiles Library/ScriptAssemblies/Unity.2D.Aseprite.Common.pdb
[ 993/1038  0s] CopyFiles Library/ScriptAssemblies/Unity.InternalAPIEngineBridge.001.pdb
[ 994/1038  0s] CopyFiles Library/ScriptAssemblies/Unity.Timeline.pdb
[ 995/1038  0s] CopyFiles Library/ScriptAssemblies/Unity.2D.Common.Path.Editor.pdb
[ 996/1038  0s] CopyFiles Library/ScriptAssemblies/Unity.InputSystem.TestFramework.pdb
[ 997/1038  0s] CopyFiles Library/ScriptAssemblies/Unity.Burst.Editor.pdb
[ 998/1038  0s] CopyFiles Library/ScriptAssemblies/Unity.2D.Common.Path.Editor.dll
[ 999/1038  0s] CopyFiles Library/ScriptAssemblies/Unity.VisualScripting.Shared.Editor.pdb
[1000/1038  0s] CopyFiles Library/ScriptAssemblies/UnityEditor.UI.Analytics.pdb
[1001/1038  0s] CopyFiles Library/ScriptAssemblies/Unity.RenderPipelines.Core.Runtime.pdb
[1002/1038  0s] CopyFiles Library/ScriptAssemblies/Unity.RenderPipelines.Core.Editor.pdb
[1003/1038  0s] CopyFiles Library/ScriptAssemblies/Unity.TextMeshPro.pdb
[1004/1038  0s] CopyFiles Library/ScriptAssemblies/Unity.RenderPipelines.Core.Editor.dll
[1005/1038  0s] CopyFiles Library/ScriptAssemblies/Unity.CollabProxy.Editor.dll
[1006/1038  0s] CopyFiles Library/ScriptAssemblies/Unity.2D.Common.Editor.pdb
[1007/1038  0s] CopyFiles Library/ScriptAssemblies/Unity.VisualScripting.SettingsProvider.Editor.dll
[1008/1038  0s] CopyFiles Library/ScriptAssemblies/Unity.Collections.pdb
[1009/1038  0s] CopyFiles Library/ScriptAssemblies/Unity.VisualScripting.Core.pdb
[1010/1038  0s] CopyFiles Library/ScriptAssemblies/Unity.2D.Tilemap.Extras.Editor.dll
[1011/1038  0s] CopyFiles Library/ScriptAssemblies/Unity.Searcher.Editor.pdb
[1012/1038  0s] CopyFiles Library/ScriptAssemblies/Unity.PlasticSCM.Editor.Entities.dll
[1013/1038  0s] CopyFiles Library/ScriptAssemblies/Unity.RenderPipelines.ShaderGraph.ShaderGraphLibrary.pdb
[1014/1038  0s] CopyFiles Library/ScriptAssemblies/Unity.ShaderGraph.Utilities.pdb
[1015/1038  0s] CopyFiles Library/ScriptAssemblies/Unity.2D.Sprite.Editor.pdb
[1016/1038  0s] CopyFiles Library/ScriptAssemblies/Unity.PerformanceTesting.Editor.pdb
[1017/1038  0s] CopyFiles Library/ScriptAssemblies/Unity.PathTracing.Editor.dll
[1018/1038  0s] CopyFiles Library/ScriptAssemblies/Unity.RenderPipelines.Core.Editor.Shared.dll
[1019/1038  0s] CopyFiles Library/ScriptAssemblies/UnityEditor.UI.pdb
[1020/1038  0s] CopyFiles Library/ScriptAssemblies/Unity.PlasticSCM.Editor.Entities.pdb
[1021/1038  0s] CopyFiles Library/ScriptAssemblies/Unity.Rendering.LightTransport.Editor.dll
[1022/1038  0s] CopyFiles Library/ScriptAssemblies/Unity.VisualScripting.State.Editor.pdb
[1023/1038  0s] CopyFiles Library/ScriptAssemblies/Unity.ShaderGraph.Utilities.dll
[1024/1038  0s] CopyFiles Library/ScriptAssemblies/Unity.2D.Triangulation.Runtime.dll
[1025/1038  0s] CopyFiles Library/ScriptAssemblies/Unity.InputSystem.DocCodeSamples.dll
[1026/1038  0s] CopyFiles Library/ScriptAssemblies/UnityEditor.UI.dll
[1027/1038  0s] CopyFiles Library/ScriptAssemblies/Unity.VisualScripting.Core.Editor.pdb
[1028/1038  0s] CopyFiles Library/ScriptAssemblies/PsdPlugin.pdb
[1029/1038  0s] CopyFiles Library/ScriptAssemblies/UnityEditor.UI.Analytics.dll
[1030/1038  0s] CopyFiles Library/ScriptAssemblies/Unity.2D.IK.Editor.pdb
[1031/1038  0s] CopyFiles Library/ScriptAssemblies/Unity.2D.Animation.Editor.dll
[1032/1038  0s] CopyFiles Library/ScriptAssemblies/Unity.PlasticSCM.Editor.dll
[1033/1038  0s] CopyFiles Library/ScriptAssemblies/Unity.ShaderGraph.Editor.dll
Rebuilding DAG because FileSignature timestamp changed: Library/Bee/2400b0aE-inputdata.json
[1034/1038  3s] Csc Library/Bee/artifacts/2400b0aE.dag/Assembly-CSharp.dll (+2 others)
*** Tundra requires additional run (3.17 seconds), 178 items updated, 1033 evaluated
Starting: /home/gabriel/Unity/Hub/Editor/6000.5.10f1/Editor/Data/netcorerun/netcorerun "/home/gabriel/Unity/Hub/Editor/6000.5.10f1/Editor/Data/Tools/BuildPipeline/ScriptCompilationBuildProgram.exe" "Library/Bee/2400b0aE.dag.json" "Library/Bee/2400b0aE-inputdata.json" "Library/Bee/buildprogram0.traceevents"
WorkingDir: /home/gabriel/Documentos/Air Hockey
ExitCode: 0 Duration: 3s152ms
Starting: /home/gabriel/Unity/Hub/Editor/6000.5.10f1/Editor/Data/Tools/BuildPipeline/bee_backend --ipc --defer-dag-verification --dagfile="Library/Bee/2400b0aE.dag" --continue-on-failure --dagfilejson="Library/Bee/2400b0aE.dag.json" --profile="Library/Bee/backend2.traceevents" ScriptAssemblies
WorkingDir: /home/gabriel/Documentos/Air Hockey
info: Microsoft.AspNetCore.Hosting.Diagnostics[1]
      Request starting HTTP/2 POST http://ilpp/UnityILPP.PostProcessing/ConfigurePostProcessors - application/grpc -
info: Microsoft.AspNetCore.Routing.EndpointMiddleware[0]
      Executing endpoint 'gRPC - /UnityILPP.PostProcessing/ConfigurePostProcessors'
info: Unity.ILPP.Runner.PostProcessingAssemblyLoadContext[0]
      ALC ILPP context 1 is unloading
warn: Unity.ILPP.Runner.PostProcessingAssemblyLoadContext[0]
      Assembly system.runtime.interopservices.windowsruntime has duplicate hint path. Ignoring "/home/gabriel/Unity/Hub/Editor/6000.5.10f1/Editor/Data/UnityReferenceAssemblies/unity-4.8-api/Facades/System.Runtime.InteropServices.WindowsRuntime.dll" in favor of "/home/gabriel/Unity/Hub/Editor/6000.5.10f1/Editor/Data/NetStandard/Extensions/2.0.0/System.Runtime.InteropServices.WindowsRuntime.dll"
warn: Unity.ILPP.Runner.PostProcessingAssemblyLoadContext[0]
      Assembly system.componentmodel.composition has duplicate hint path. Ignoring "/home/gabriel/Unity/Hub/Editor/6000.5.10f1/Editor/Data/UnityReferenceAssemblies/unity-4.8-api/System.ComponentModel.Composition.dll" in favor of "/home/gabriel/Unity/Hub/Editor/6000.5.10f1/Editor/Data/NetStandard/compat/2.1.0/shims/netfx/System.ComponentModel.Composition.dll"
info: Unity.ILPP.Runner.PostProcessingAssemblyLoadContext[0]
      Resolved Unity.Burst.Cecil, Version=0.11.6.0, Culture=neutral, PublicKeyToken=50cebf1cceb9d05e with Library/PackageCache/com.unity.burst@2f3d916873ea/Unity.Burst.CodeGen/Unity.Burst.Cecil.dll
info: Unity.ILPP.Runner.PostProcessingAssemblyLoadContext[0]
      Resolved Mono.Cecil, Version=0.11.5.0, Culture=neutral, PublicKeyToken=50cebf1cceb9d05e with Library/PackageCache/com.unity.nuget.mono-cecil@ecb9724e46ff/Mono.Cecil.dll
info: Microsoft.AspNetCore.Routing.EndpointMiddleware[1]
      Executed endpoint 'gRPC - /UnityILPP.PostProcessing/ConfigurePostProcessors'
info: Microsoft.AspNetCore.Hosting.Diagnostics[2]
      Request finished HTTP/2 POST http://ilpp/UnityILPP.PostProcessing/ConfigurePostProcessors - 200 - application/grpc 51.4309ms
info: Microsoft.AspNetCore.Hosting.Diagnostics[1]
      Request starting HTTP/2 POST http://ilpp/UnityILPP.PostProcessing/PostProcessAssembly - application/grpc -
info: Microsoft.AspNetCore.Routing.EndpointMiddleware[0]
      Executing endpoint 'gRPC - /UnityILPP.PostProcessing/PostProcessAssembly'
info: Unity.ILPP.Runner.PostProcessingPipeline[0]
      Processing assembly Library/Bee/artifacts/2400b0aE.dag/Unity.UnifiedRayTracing.Runtime.dll, with 135 defines and 296 references
info: Unity.ILPP.Runner.PostProcessingPipeline[0]
      processors: Unity.Jobs.CodeGen.JobsILPostProcessor, zzzUnity.Burst.CodeGen.BurstILPostProcessor
info: Unity.ILPP.Runner.PostProcessingPipeline[0]
      running Unity.Jobs.CodeGen.JobsILPostProcessor
info: Unity.ILPP.Runner.PostProcessingAssemblyLoadContext[0]
      Resolved Unity.Collections, Version=0.0.0.0, Culture=neutral, PublicKeyToken=null with Library/Bee/artifacts/2400b0aE.dag/Unity.Collections.dll
info: Unity.ILPP.Runner.PostProcessingAssemblyLoadContext[0]
      Resolved UnityEditor.CoreModule, Version=0.0.0.0, Culture=neutral, PublicKeyToken=null with /home/gabriel/Unity/Hub/Editor/6000.5.10f1/Editor/Data/Managed/UnityEngine/UnityEditor.CoreModule.dll
info: Unity.ILPP.Runner.PostProcessingAssemblyLoadContext[0]
      Resolved UnityEngine.CoreModule, Version=0.0.0.0, Culture=neutral, PublicKeyToken=null with /home/gabriel/Unity/Hub/Editor/6000.5.10f1/Editor/Data/Managed/UnityEngine/UnityEngine.CoreModule.dll
info: Unity.ILPP.Runner.PostProcessingAssemblyLoadContext[0]
      Resolved Unity.Scripting, Version=0.0.0.0, Culture=neutral, PublicKeyToken=null with /home/gabriel/Unity/Hub/Editor/6000.5.10f1/Editor/Data/Managed/UnityEngine/Unity.Scripting.dll
info: Microsoft.AspNetCore.Hosting.Diagnostics[1]
      Request starting HTTP/2 POST http://ilpp/UnityILPP.PostProcessing/PostProcessAssembly - application/grpc -
info: Microsoft.AspNetCore.Routing.EndpointMiddleware[0]
      Executing endpoint 'gRPC - /UnityILPP.PostProcessing/PostProcessAssembly'
info: Unity.ILPP.Runner.PostProcessingPipeline[0]
      Processing assembly Library/Bee/artifacts/2400b0aE.dag/Unity.InputSystem.ForUI.dll, with 134 defines and 294 references
info: Unity.ILPP.Runner.PostProcessingPipeline[0]
      processors: Unity.Jobs.CodeGen.JobsILPostProcessor, zzzUnity.Burst.CodeGen.BurstILPostProcessor
info: Unity.ILPP.Runner.PostProcessingPipeline[0]
      running Unity.Jobs.CodeGen.JobsILPostProcessor
info: Unity.ILPP.Runner.PostProcessingPipeline[0]
      running zzzUnity.Burst.CodeGen.BurstILPostProcessor
info: Microsoft.AspNetCore.Routing.EndpointMiddleware[1]
      Executed endpoint 'gRPC - /UnityILPP.PostProcessing/PostProcessAssembly'
info: Microsoft.AspNetCore.Hosting.Diagnostics[2]
      Request finished HTTP/2 POST http://ilpp/UnityILPP.PostProcessing/PostProcessAssembly - 200 - application/grpc 20.8568ms
info: Unity.ILPP.Runner.PostProcessingAssemblyLoadContext[0]
      Resolved Mono.Cecil.Rocks, Version=0.11.5.0, Culture=neutral, PublicKeyToken=50cebf1cceb9d05e with Library/PackageCache/com.unity.nuget.mono-cecil@ecb9724e46ff/Mono.Cecil.Rocks.dll
info: Microsoft.AspNetCore.Hosting.Diagnostics[1]
      Request starting HTTP/2 POST http://ilpp/UnityILPP.PostProcessing/PostProcessAssembly - application/grpc -
info: Microsoft.AspNetCore.Routing.EndpointMiddleware[0]
      Executing endpoint 'gRPC - /UnityILPP.PostProcessing/PostProcessAssembly'
info: Unity.ILPP.Runner.PostProcessingPipeline[0]
      Processing assembly Library/Bee/artifacts/2400b0aE.dag/Unity.TextMeshPro.dll, with 135 defines and 294 references
info: Unity.ILPP.Runner.PostProcessingPipeline[0]
      processors: Unity.Jobs.CodeGen.JobsILPostProcessor, zzzUnity.Burst.CodeGen.BurstILPostProcessor
info: Unity.ILPP.Runner.PostProcessingPipeline[0]
      running Unity.Jobs.CodeGen.JobsILPostProcessor
info: Unity.ILPP.Runner.PostProcessingPipeline[0]
      running zzzUnity.Burst.CodeGen.BurstILPostProcessor
info: Microsoft.AspNetCore.Routing.EndpointMiddleware[1]
      Executed endpoint 'gRPC - /UnityILPP.PostProcessing/PostProcessAssembly'
info: Microsoft.AspNetCore.Hosting.Diagnostics[2]
      Request finished HTTP/2 POST http://ilpp/UnityILPP.PostProcessing/PostProcessAssembly - 200 - application/grpc 6.2916ms
info: Microsoft.AspNetCore.Hosting.Diagnostics[1]
      Request starting HTTP/2 POST http://ilpp/UnityILPP.PostProcessing/PostProcessAssembly - application/grpc -
info: Microsoft.AspNetCore.Routing.EndpointMiddleware[0]
      Executing endpoint 'gRPC - /UnityILPP.PostProcessing/PostProcessAssembly'
info: Unity.ILPP.Runner.PostProcessingPipeline[0]
      Processing assembly Library/Bee/artifacts/2400b0aE.dag/Unity.RenderPipelines.ShaderGraph.ShaderGraphLibrary.dll, with 134 defines and 293 references
info: Unity.ILPP.Runner.PostProcessingPipeline[0]
      processors: Unity.Jobs.CodeGen.JobsILPostProcessor, zzzUnity.Burst.CodeGen.BurstILPostProcessor
info: Unity.ILPP.Runner.PostProcessingPipeline[0]
      running Unity.Jobs.CodeGen.JobsILPostProcessor
info: Unity.ILPP.Runner.PostProcessingPipeline[0]
      running zzzUnity.Burst.CodeGen.BurstILPostProcessor
info: Microsoft.AspNetCore.Routing.EndpointMiddleware[1]
      Executed endpoint 'gRPC - /UnityILPP.PostProcessing/PostProcessAssembly'
info: Microsoft.AspNetCore.Hosting.Diagnostics[2]
      Request finished HTTP/2 POST http://ilpp/UnityILPP.PostProcessing/PostProcessAssembly - 200 - application/grpc 6.1671ms
info: Microsoft.AspNetCore.Hosting.Diagnostics[1]
      Request starting HTTP/2 POST http://ilpp/UnityILPP.PostProcessing/PostProcessAssembly - application/grpc -
info: Microsoft.AspNetCore.Routing.EndpointMiddleware[0]
      Executing endpoint 'gRPC - /UnityILPP.PostProcessing/PostProcessAssembly'
info: Unity.ILPP.Runner.PostProcessingPipeline[0]
      Processing assembly Library/Bee/artifacts/2400b0aE.dag/Unity.2D.Common.Runtime.dll, with 134 defines and 296 references
info: Unity.ILPP.Runner.PostProcessingPipeline[0]
      processors: Unity.Jobs.CodeGen.JobsILPostProcessor, zzzUnity.Burst.CodeGen.BurstILPostProcessor
info: Unity.ILPP.Runner.PostProcessingPipeline[0]
      running Unity.Jobs.CodeGen.JobsILPostProcessor
info: Unity.ILPP.Runner.PostProcessingPipeline[0]
      running zzzUnity.Burst.CodeGen.BurstILPostProcessor
info: Microsoft.AspNetCore.Hosting.Diagnostics[1]
      Request starting HTTP/2 POST http://ilpp/UnityILPP.PostProcessing/PostProcessAssembly - application/grpc -
info: Microsoft.AspNetCore.Routing.EndpointMiddleware[0]
      Executing endpoint 'gRPC - /UnityILPP.PostProcessing/PostProcessAssembly'
info: Unity.ILPP.Runner.PostProcessingPipeline[0]
      Processing assembly Library/Bee/artifacts/2400b0aE.dag/Unity.Timeline.dll, with 135 defines and 293 references
info: Unity.ILPP.Runner.PostProcessingPipeline[0]
      processors: Unity.Jobs.CodeGen.JobsILPostProcessor, zzzUnity.Burst.CodeGen.BurstILPostProcessor
info: Unity.ILPP.Runner.PostProcessingPipeline[0]
      running Unity.Jobs.CodeGen.JobsILPostProcessor
info: Unity.ILPP.Runner.PostProcessingPipeline[0]
      running zzzUnity.Burst.CodeGen.BurstILPostProcessor
info: Microsoft.AspNetCore.Routing.EndpointMiddleware[1]
      Executed endpoint 'gRPC - /UnityILPP.PostProcessing/PostProcessAssembly'
info: Microsoft.AspNetCore.Hosting.Diagnostics[2]
      Request finished HTTP/2 POST http://ilpp/UnityILPP.PostProcessing/PostProcessAssembly - 200 - application/grpc 2.4558ms
info: Unity.ILPP.Runner.PostProcessingPipeline[0]
      running zzzUnity.Burst.CodeGen.BurstILPostProcessor
info: Unity.ILPP.Runner.PostProcessingAssemblyLoadContext[0]
      Resolved Unity.Burst.Cecil.Rocks, Version=0.11.6.0, Culture=neutral, PublicKeyToken=50cebf1cceb9d05e with Library/PackageCache/com.unity.burst@2f3d916873ea/Unity.Burst.CodeGen/Unity.Burst.Cecil.Rocks.dll
info: Microsoft.AspNetCore.Hosting.Diagnostics[1]
      Request starting HTTP/2 POST http://ilpp/UnityILPP.PostProcessing/PostProcessAssembly - application/grpc -
info: Microsoft.AspNetCore.Routing.EndpointMiddleware[0]
      Executing endpoint 'gRPC - /UnityILPP.PostProcessing/PostProcessAssembly'
info: Unity.ILPP.Runner.PostProcessingPipeline[0]
      Processing assembly Library/Bee/artifacts/2400b0aE.dag/Unity.VisualScripting.Core.dll, with 139 defines and 294 references
info: Unity.ILPP.Runner.PostProcessingPipeline[0]
      processors: Unity.Jobs.CodeGen.JobsILPostProcessor, zzzUnity.Burst.CodeGen.BurstILPostProcessor
info: Unity.ILPP.Runner.PostProcessingPipeline[0]
      running Unity.Jobs.CodeGen.JobsILPostProcessor
info: Unity.ILPP.Runner.PostProcessingPipeline[0]
      running zzzUnity.Burst.CodeGen.BurstILPostProcessor
info: Microsoft.AspNetCore.Routing.EndpointMiddleware[1]
      Executed endpoint 'gRPC - /UnityILPP.PostProcessing/PostProcessAssembly'
info: Microsoft.AspNetCore.Hosting.Diagnostics[2]
      Request finished HTTP/2 POST http://ilpp/UnityILPP.PostProcessing/PostProcessAssembly - 200 - application/grpc 25.3233ms
info: Microsoft.AspNetCore.Hosting.Diagnostics[1]
      Request starting HTTP/2 POST http://ilpp/UnityILPP.PostProcessing/PostProcessAssembly - application/grpc -
info: Microsoft.AspNetCore.Routing.EndpointMiddleware[0]
      Executing endpoint 'gRPC - /UnityILPP.PostProcessing/PostProcessAssembly'
info: Unity.ILPP.Runner.PostProcessingPipeline[0]
      Processing assembly Library/Bee/artifacts/2400b0aE.dag/UnityEngine.UI.dll, with 140 defines and 291 references
info: Unity.ILPP.Runner.PostProcessingPipeline[0]
      processors: Unity.Jobs.CodeGen.JobsILPostProcessor, zzzUnity.Burst.CodeGen.BurstILPostProcessor
info: Unity.ILPP.Runner.PostProcessingPipeline[0]
      running Unity.Jobs.CodeGen.JobsILPostProcessor
info: Unity.ILPP.Runner.PostProcessingPipeline[0]
      running zzzUnity.Burst.CodeGen.BurstILPostProcessor
info: Microsoft.AspNetCore.Routing.EndpointMiddleware[1]
      Executed endpoint 'gRPC - /UnityILPP.PostProcessing/PostProcessAssembly'
info: Microsoft.AspNetCore.Hosting.Diagnostics[2]
      Request finished HTTP/2 POST http://ilpp/UnityILPP.PostProcessing/PostProcessAssembly - 200 - application/grpc 4.4717ms
info: Microsoft.AspNetCore.Hosting.Diagnostics[1]
      Request starting HTTP/2 POST http://ilpp/UnityILPP.PostProcessing/PostProcessAssembly - application/grpc -
info: Microsoft.AspNetCore.Routing.EndpointMiddleware[0]
      Executing endpoint 'gRPC - /UnityILPP.PostProcessing/PostProcessAssembly'
info: Unity.ILPP.Runner.PostProcessingPipeline[0]
      Processing assembly Library/Bee/artifacts/2400b0aE.dag/Unity.Multiplayer.Center.Common.dll, with 134 defines and 293 references
info: Unity.ILPP.Runner.PostProcessingPipeline[0]
      processors: Unity.Jobs.CodeGen.JobsILPostProcessor, zzzUnity.Burst.CodeGen.BurstILPostProcessor
info: Unity.ILPP.Runner.PostProcessingPipeline[0]
      running Unity.Jobs.CodeGen.JobsILPostProcessor
info: Unity.ILPP.Runner.PostProcessingPipeline[0]
      running zzzUnity.Burst.CodeGen.BurstILPostProcessor
info: Microsoft.AspNetCore.Routing.EndpointMiddleware[1]
      Executed endpoint 'gRPC - /UnityILPP.PostProcessing/PostProcessAssembly'
info: Microsoft.AspNetCore.Hosting.Diagnostics[2]
      Request finished HTTP/2 POST http://ilpp/UnityILPP.PostProcessing/PostProcessAssembly - 200 - application/grpc 1.7742ms
info: Microsoft.AspNetCore.Hosting.Diagnostics[1]
      Request starting HTTP/2 POST http://ilpp/UnityILPP.PostProcessing/PostProcessAssembly - application/grpc -
info: Microsoft.AspNetCore.Routing.EndpointMiddleware[0]
      Executing endpoint 'gRPC - /UnityILPP.PostProcessing/PostProcessAssembly'
info: Unity.ILPP.Runner.PostProcessingPipeline[0]
      Processing assembly Library/Bee/artifacts/2400b0aE.dag/Unity.RenderPipelines.Universal.Shaders.dll, with 134 defines and 293 references
info: Unity.ILPP.Runner.PostProcessingPipeline[0]
      processors: Unity.Jobs.CodeGen.JobsILPostProcessor, zzzUnity.Burst.CodeGen.BurstILPostProcessor
info: Unity.ILPP.Runner.PostProcessingPipeline[0]
      running Unity.Jobs.CodeGen.JobsILPostProcessor
info: Unity.ILPP.Runner.PostProcessingPipeline[0]
      running zzzUnity.Burst.CodeGen.BurstILPostProcessor
info: Microsoft.AspNetCore.Routing.EndpointMiddleware[1]
      Executed endpoint 'gRPC - /UnityILPP.PostProcessing/PostProcessAssembly'
info: Microsoft.AspNetCore.Hosting.Diagnostics[2]
      Request finished HTTP/2 POST http://ilpp/UnityILPP.PostProcessing/PostProcessAssembly - 200 - application/grpc 1.7578ms
info: Microsoft.AspNetCore.Routing.EndpointMiddleware[1]
      Executed endpoint 'gRPC - /UnityILPP.PostProcessing/PostProcessAssembly'
info: Microsoft.AspNetCore.Hosting.Diagnostics[2]
      Request finished HTTP/2 POST http://ilpp/UnityILPP.PostProcessing/PostProcessAssembly - 200 - application/grpc 1256.8782ms
info: Microsoft.AspNetCore.Routing.EndpointMiddleware[1]
      Executed endpoint 'gRPC - /UnityILPP.PostProcessing/PostProcessAssembly'
info: Microsoft.AspNetCore.Hosting.Diagnostics[2]
      Request finished HTTP/2 POST http://ilpp/UnityILPP.PostProcessing/PostProcessAssembly - 200 - application/grpc 3028.9829ms
info: Microsoft.AspNetCore.Hosting.Diagnostics[1]
      Request starting HTTP/2 POST http://ilpp/UnityILPP.PostProcessing/PostProcessAssembly - application/grpc -
info: Microsoft.AspNetCore.Routing.EndpointMiddleware[0]
      Executing endpoint 'gRPC - /UnityILPP.PostProcessing/PostProcessAssembly'
info: Unity.ILPP.Runner.PostProcessingPipeline[0]
      Processing assembly Library/Bee/artifacts/2400b0aE.dag/Unity.Burst.dll, with 134 defines and 280 references
info: Unity.ILPP.Runner.PostProcessingPipeline[0]
      processors: Unity.Jobs.CodeGen.JobsILPostProcessor, zzzUnity.Burst.CodeGen.BurstILPostProcessor
info: Unity.ILPP.Runner.PostProcessingPipeline[0]
      running Unity.Jobs.CodeGen.JobsILPostProcessor
info: Unity.ILPP.Runner.PostProcessingPipeline[0]
      running zzzUnity.Burst.CodeGen.BurstILPostProcessor
info: Microsoft.AspNetCore.Hosting.Diagnostics[1]
      Request starting HTTP/2 POST http://ilpp/UnityILPP.PostProcessing/PostProcessAssembly - application/grpc -
info: Microsoft.AspNetCore.Routing.EndpointMiddleware[0]
      Executing endpoint 'gRPC - /UnityILPP.PostProcessing/PostProcessAssembly'
info: Unity.ILPP.Runner.PostProcessingPipeline[0]
      Processing assembly Library/Bee/artifacts/2400b0aE.dag/Unity.InputSystem.TestFramework.dll, with 136 defines and 281 references
info: Unity.ILPP.Runner.PostProcessingPipeline[0]
      processors: Unity.Jobs.CodeGen.JobsILPostProcessor, zzzUnity.Burst.CodeGen.BurstILPostProcessor
info: Unity.ILPP.Runner.PostProcessingPipeline[0]
      running Unity.Jobs.CodeGen.JobsILPostProcessor
info: Unity.ILPP.Runner.PostProcessingPipeline[0]
      running zzzUnity.Burst.CodeGen.BurstILPostProcessor
info: Microsoft.AspNetCore.Routing.EndpointMiddleware[1]
      Executed endpoint 'gRPC - /UnityILPP.PostProcessing/PostProcessAssembly'
info: Microsoft.AspNetCore.Hosting.Diagnostics[2]
      Request finished HTTP/2 POST http://ilpp/UnityILPP.PostProcessing/PostProcessAssembly - 200 - application/grpc 2.1511ms
info: Microsoft.AspNetCore.Hosting.Diagnostics[1]
      Request starting HTTP/2 POST http://ilpp/UnityILPP.PostProcessing/PostProcessAssembly - application/grpc -
info: Microsoft.AspNetCore.Routing.EndpointMiddleware[0]
      Executing endpoint 'gRPC - /UnityILPP.PostProcessing/PostProcessAssembly'
info: Unity.ILPP.Runner.PostProcessingPipeline[0]
      Processing assembly Library/Bee/artifacts/2400b0aE.dag/Unity.InputSystem.dll, with 147 defines and 293 references
info: Unity.ILPP.Runner.PostProcessingPipeline[0]
      processors: Unity.Jobs.CodeGen.JobsILPostProcessor, zzzUnity.Burst.CodeGen.BurstILPostProcessor
info: Unity.ILPP.Runner.PostProcessingPipeline[0]
      running Unity.Jobs.CodeGen.JobsILPostProcessor
info: Unity.ILPP.Runner.PostProcessingPipeline[0]
      running zzzUnity.Burst.CodeGen.BurstILPostProcessor
info: Microsoft.AspNetCore.Routing.EndpointMiddleware[1]
      Executed endpoint 'gRPC - /UnityILPP.PostProcessing/PostProcessAssembly'
info: Microsoft.AspNetCore.Hosting.Diagnostics[2]
      Request finished HTTP/2 POST http://ilpp/UnityILPP.PostProcessing/PostProcessAssembly - 200 - application/grpc 5.3340ms
info: Microsoft.AspNetCore.Hosting.Diagnostics[1]
      Request starting HTTP/2 POST http://ilpp/UnityILPP.PostProcessing/PostProcessAssembly - application/grpc -
info: Microsoft.AspNetCore.Routing.EndpointMiddleware[0]
      Executing endpoint 'gRPC - /UnityILPP.PostProcessing/PostProcessAssembly'
info: Unity.ILPP.Runner.PostProcessingPipeline[0]
      Processing assembly Library/Bee/artifacts/2400b0aE.dag/Unity.RenderPipelines.Core.ShaderLibrary.dll, with 134 defines and 293 references
info: Unity.ILPP.Runner.PostProcessingPipeline[0]
      processors: Unity.Jobs.CodeGen.JobsILPostProcessor, zzzUnity.Burst.CodeGen.BurstILPostProcessor
info: Unity.ILPP.Runner.PostProcessingPipeline[0]
      running Unity.Jobs.CodeGen.JobsILPostProcessor
info: Unity.ILPP.Runner.PostProcessingPipeline[0]
      running zzzUnity.Burst.CodeGen.BurstILPostProcessor
info: Microsoft.AspNetCore.Routing.EndpointMiddleware[1]
      Executed endpoint 'gRPC - /UnityILPP.PostProcessing/PostProcessAssembly'
info: Microsoft.AspNetCore.Hosting.Diagnostics[2]
      Request finished HTTP/2 POST http://ilpp/UnityILPP.PostProcessing/PostProcessAssembly - 200 - application/grpc 9.2026ms
info: Microsoft.AspNetCore.Hosting.Diagnostics[1]
      Request starting HTTP/2 POST http://ilpp/UnityILPP.PostProcessing/PostProcessAssembly - application/grpc -
info: Microsoft.AspNetCore.Routing.EndpointMiddleware[0]
      Executing endpoint 'gRPC - /UnityILPP.PostProcessing/PostProcessAssembly'
info: Unity.ILPP.Runner.PostProcessingPipeline[0]
      Processing assembly Library/Bee/artifacts/2400b0aE.dag/Unity.Mathematics.dll, with 134 defines and 293 references
info: Unity.ILPP.Runner.PostProcessingPipeline[0]
      processors: Unity.Jobs.CodeGen.JobsILPostProcessor, zzzUnity.Burst.CodeGen.BurstILPostProcessor
info: Unity.ILPP.Runner.PostProcessingPipeline[0]
      running Unity.Jobs.CodeGen.JobsILPostProcessor
info: Unity.ILPP.Runner.PostProcessingPipeline[0]
      running zzzUnity.Burst.CodeGen.BurstILPostProcessor
info: Microsoft.AspNetCore.Routing.EndpointMiddleware[1]
      Executed endpoint 'gRPC - /UnityILPP.PostProcessing/PostProcessAssembly'
info: Microsoft.AspNetCore.Hosting.Diagnostics[2]
      Request finished HTTP/2 POST http://ilpp/UnityILPP.PostProcessing/PostProcessAssembly - 200 - application/grpc 1.6448ms
info: Microsoft.AspNetCore.Hosting.Diagnostics[1]
      Request starting HTTP/2 POST http://ilpp/UnityILPP.PostProcessing/PostProcessAssembly - application/grpc -
info: Microsoft.AspNetCore.Routing.EndpointMiddleware[0]
      Executing endpoint 'gRPC - /UnityILPP.PostProcessing/PostProcessAssembly'
info: Unity.ILPP.Runner.PostProcessingPipeline[0]
      Processing assembly Library/Bee/artifacts/2400b0aE.dag/Unity.Collections.dll, with 136 defines and 295 references
info: Unity.ILPP.Runner.PostProcessingPipeline[0]
      processors: Unity.Jobs.CodeGen.JobsILPostProcessor, zzzUnity.Burst.CodeGen.BurstILPostProcessor
info: Unity.ILPP.Runner.PostProcessingPipeline[0]
      running Unity.Jobs.CodeGen.JobsILPostProcessor
info: Microsoft.AspNetCore.Hosting.Diagnostics[1]
      Request starting HTTP/2 POST http://ilpp/UnityILPP.PostProcessing/PostProcessAssembly - application/grpc -
info: Microsoft.AspNetCore.Routing.EndpointMiddleware[0]
      Executing endpoint 'gRPC - /UnityILPP.PostProcessing/PostProcessAssembly'
info: Unity.ILPP.Runner.PostProcessingPipeline[0]
      Processing assembly Library/Bee/artifacts/2400b0aE.dag/Unity.InternalAPIEngineBridge.001.dll, with 134 defines and 293 references
info: Unity.ILPP.Runner.PostProcessingPipeline[0]
      processors: Unity.Jobs.CodeGen.JobsILPostProcessor, zzzUnity.Burst.CodeGen.BurstILPostProcessor
info: Unity.ILPP.Runner.PostProcessingPipeline[0]
      running Unity.Jobs.CodeGen.JobsILPostProcessor
info: Unity.ILPP.Runner.PostProcessingPipeline[0]
      running zzzUnity.Burst.CodeGen.BurstILPostProcessor
info: Microsoft.AspNetCore.Routing.EndpointMiddleware[1]
      Executed endpoint 'gRPC - /UnityILPP.PostProcessing/PostProcessAssembly'
info: Microsoft.AspNetCore.Hosting.Diagnostics[2]
      Request finished HTTP/2 POST http://ilpp/UnityILPP.PostProcessing/PostProcessAssembly - 200 - application/grpc 1.5607ms
info: Microsoft.AspNetCore.Hosting.Diagnostics[1]
      Request starting HTTP/2 POST http://ilpp/UnityILPP.PostProcessing/PostProcessAssembly - application/grpc -
info: Microsoft.AspNetCore.Routing.EndpointMiddleware[0]
      Executing endpoint 'gRPC - /UnityILPP.PostProcessing/PostProcessAssembly'
info: Unity.ILPP.Runner.PostProcessingPipeline[0]
      Processing assembly Library/Bee/artifacts/2400b0aE.dag/Unity.InternalAPIEngineBridge.004.dll, with 134 defines and 293 references
info: Unity.ILPP.Runner.PostProcessingPipeline[0]
      processors: Unity.Jobs.CodeGen.JobsILPostProcessor, zzzUnity.Burst.CodeGen.BurstILPostProcessor
info: Unity.ILPP.Runner.PostProcessingPipeline[0]
      running Unity.Jobs.CodeGen.JobsILPostProcessor
info: Unity.ILPP.Runner.PostProcessingPipeline[0]
      running zzzUnity.Burst.CodeGen.BurstILPostProcessor
info: Microsoft.AspNetCore.Routing.EndpointMiddleware[1]
      Executed endpoint 'gRPC - /UnityILPP.PostProcessing/PostProcessAssembly'
info: Microsoft.AspNetCore.Hosting.Diagnostics[2]
      Request finished HTTP/2 POST http://ilpp/UnityILPP.PostProcessing/PostProcessAssembly - 200 - application/grpc 6.1198ms
info: Microsoft.AspNetCore.Hosting.Diagnostics[1]
      Request starting HTTP/2 POST http://ilpp/UnityILPP.PostProcessing/PostProcessAssembly - application/grpc -
info: Microsoft.AspNetCore.Routing.EndpointMiddleware[0]
      Executing endpoint 'gRPC - /UnityILPP.PostProcessing/PostProcessAssembly'
info: Unity.ILPP.Runner.PostProcessingPipeline[0]
      Processing assembly Library/Bee/artifacts/2400b0aE.dag/Unity.InternalAPIEngineBridge.RenderPipelines.Core.Runtime.Shared.dll, with 134 defines and 293 references
info: Unity.ILPP.Runner.PostProcessingPipeline[0]
      processors: Unity.Jobs.CodeGen.JobsILPostProcessor, zzzUnity.Burst.CodeGen.BurstILPostProcessor
info: Unity.ILPP.Runner.PostProcessingPipeline[0]
      running Unity.Jobs.CodeGen.JobsILPostProcessor
info: Unity.ILPP.Runner.PostProcessingPipeline[0]
      running zzzUnity.Burst.CodeGen.BurstILPostProcessor
info: Microsoft.AspNetCore.Routing.EndpointMiddleware[1]
      Executed endpoint 'gRPC - /UnityILPP.PostProcessing/PostProcessAssembly'
info: Microsoft.AspNetCore.Hosting.Diagnostics[2]
      Request finished HTTP/2 POST http://ilpp/UnityILPP.PostProcessing/PostProcessAssembly - 200 - application/grpc 9.6790ms
info: Microsoft.AspNetCore.Hosting.Diagnostics[1]
      Request starting HTTP/2 POST http://ilpp/UnityILPP.PostProcessing/PostProcessAssembly - application/grpc -
info: Microsoft.AspNetCore.Routing.EndpointMiddleware[0]
      Executing endpoint 'gRPC - /UnityILPP.PostProcessing/PostProcessAssembly'
info: Unity.ILPP.Runner.PostProcessingPipeline[0]
      Processing assembly Library/Bee/artifacts/2400b0aE.dag/Unity.2D.Tilemap.Extras.dll, with 134 defines and 294 references
info: Unity.ILPP.Runner.PostProcessingPipeline[0]
      processors: Unity.Jobs.CodeGen.JobsILPostProcessor, zzzUnity.Burst.CodeGen.BurstILPostProcessor
info: Unity.ILPP.Runner.PostProcessingPipeline[0]
      running Unity.Jobs.CodeGen.JobsILPostProcessor
info: Unity.ILPP.Runner.PostProcessingPipeline[0]
      running zzzUnity.Burst.CodeGen.BurstILPostProcessor
info: Microsoft.AspNetCore.Routing.EndpointMiddleware[1]
      Executed endpoint 'gRPC - /UnityILPP.PostProcessing/PostProcessAssembly'
info: Microsoft.AspNetCore.Hosting.Diagnostics[2]
      Request finished HTTP/2 POST http://ilpp/UnityILPP.PostProcessing/PostProcessAssembly - 200 - application/grpc 9.0750ms
info: Microsoft.AspNetCore.Hosting.Diagnostics[1]
      Request starting HTTP/2 POST http://ilpp/UnityILPP.PostProcessing/PostProcessAssembly - application/grpc -
info: Microsoft.AspNetCore.Routing.EndpointMiddleware[0]
      Executing endpoint 'gRPC - /UnityILPP.PostProcessing/PostProcessAssembly'
info: Unity.ILPP.Runner.PostProcessingPipeline[0]
      Processing assembly Library/Bee/artifacts/2400b0aE.dag/Unity.PerformanceTesting.dll, with 135 defines and 279 references
info: Unity.ILPP.Runner.PostProcessingPipeline[0]
      processors: Unity.Jobs.CodeGen.JobsILPostProcessor, zzzUnity.Burst.CodeGen.BurstILPostProcessor
info: Unity.ILPP.Runner.PostProcessingPipeline[0]
      running Unity.Jobs.CodeGen.JobsILPostProcessor
info: Unity.ILPP.Runner.PostProcessingPipeline[0]
      running zzzUnity.Burst.CodeGen.BurstILPostProcessor
info: Microsoft.AspNetCore.Routing.EndpointMiddleware[1]
      Executed endpoint 'gRPC - /UnityILPP.PostProcessing/PostProcessAssembly'
info: Microsoft.AspNetCore.Hosting.Diagnostics[2]
      Request finished HTTP/2 POST http://ilpp/UnityILPP.PostProcessing/PostProcessAssembly - 200 - application/grpc 2.0284ms
info: Microsoft.AspNetCore.Hosting.Diagnostics[1]
      Request starting HTTP/2 POST http://ilpp/UnityILPP.PostProcessing/PostProcessAssembly - application/grpc -
info: Microsoft.AspNetCore.Routing.EndpointMiddleware[0]
      Executing endpoint 'gRPC - /UnityILPP.PostProcessing/PostProcessAssembly'
info: Unity.ILPP.Runner.PostProcessingPipeline[0]
      Processing assembly Library/Bee/artifacts/2400b0aE.dag/Unity.Timeline.Editor.dll, with 133 defines and 305 references
info: Unity.ILPP.Runner.PostProcessingPipeline[0]
      processors: Unity.Jobs.CodeGen.JobsILPostProcessor, zzzUnity.Burst.CodeGen.BurstILPostProcessor
info: Unity.ILPP.Runner.PostProcessingPipeline[0]
      running Unity.Jobs.CodeGen.JobsILPostProcessor
info: Unity.ILPP.Runner.PostProcessingPipeline[0]
      running zzzUnity.Burst.CodeGen.BurstILPostProcessor
info: Microsoft.AspNetCore.Routing.EndpointMiddleware[1]
      Executed endpoint 'gRPC - /UnityILPP.PostProcessing/PostProcessAssembly'
info: Microsoft.AspNetCore.Hosting.Diagnostics[2]
      Request finished HTTP/2 POST http://ilpp/UnityILPP.PostProcessing/PostProcessAssembly - 200 - application/grpc 6.3145ms
info: Microsoft.AspNetCore.Hosting.Diagnostics[1]
      Request starting HTTP/2 POST http://ilpp/UnityILPP.PostProcessing/PostProcessAssembly - application/grpc -
info: Microsoft.AspNetCore.Routing.EndpointMiddleware[0]
      Executing endpoint 'gRPC - /UnityILPP.PostProcessing/PostProcessAssembly'
info: Unity.ILPP.Runner.PostProcessingPipeline[0]
      Processing assembly Library/Bee/artifacts/2400b0aE.dag/Unity.InternalAPIEditorBridge.ShaderGraph.Editor.dll, with 132 defines and 304 references
info: Unity.ILPP.Runner.PostProcessingPipeline[0]
      processors: Unity.Jobs.CodeGen.JobsILPostProcessor, zzzUnity.Burst.CodeGen.BurstILPostProcessor
info: Unity.ILPP.Runner.PostProcessingPipeline[0]
      running Unity.Jobs.CodeGen.JobsILPostProcessor
info: Unity.ILPP.Runner.PostProcessingPipeline[0]
      running zzzUnity.Burst.CodeGen.BurstILPostProcessor
info: Microsoft.AspNetCore.Routing.EndpointMiddleware[1]
      Executed endpoint 'gRPC - /UnityILPP.PostProcessing/PostProcessAssembly'
info: Microsoft.AspNetCore.Hosting.Diagnostics[2]
      Request finished HTTP/2 POST http://ilpp/UnityILPP.PostProcessing/PostProcessAssembly - 200 - application/grpc 1.6974ms
info: Unity.ILPP.Runner.PostProcessingPipeline[0]
      running zzzUnity.Burst.CodeGen.BurstILPostProcessor
info: Microsoft.AspNetCore.Hosting.Diagnostics[1]
      Request starting HTTP/2 POST http://ilpp/UnityILPP.PostProcessing/PostProcessAssembly - application/grpc -
info: Microsoft.AspNetCore.Routing.EndpointMiddleware[0]
      Executing endpoint 'gRPC - /UnityILPP.PostProcessing/PostProcessAssembly'
info: Unity.ILPP.Runner.PostProcessingPipeline[0]
      Processing assembly Library/Bee/artifacts/2400b0aE.dag/Unity.ShaderGraph.Utilities.dll, with 132 defines and 304 references
info: Unity.ILPP.Runner.PostProcessingPipeline[0]
      processors: Unity.Jobs.CodeGen.JobsILPostProcessor, zzzUnity.Burst.CodeGen.BurstILPostProcessor
info: Unity.ILPP.Runner.PostProcessingPipeline[0]
      running Unity.Jobs.CodeGen.JobsILPostProcessor
info: Unity.ILPP.Runner.PostProcessingPipeline[0]
      running zzzUnity.Burst.CodeGen.BurstILPostProcessor
info: Microsoft.AspNetCore.Routing.EndpointMiddleware[1]
      Executed endpoint 'gRPC - /UnityILPP.PostProcessing/PostProcessAssembly'
info: Microsoft.AspNetCore.Hosting.Diagnostics[2]
      Request finished HTTP/2 POST http://ilpp/UnityILPP.PostProcessing/PostProcessAssembly - 200 - application/grpc 8.4740ms
info: Microsoft.AspNetCore.Hosting.Diagnostics[1]
      Request starting HTTP/2 POST http://ilpp/UnityILPP.PostProcessing/PostProcessAssembly - application/grpc -
info: Microsoft.AspNetCore.Routing.EndpointMiddleware[0]
      Executing endpoint 'gRPC - /UnityILPP.PostProcessing/PostProcessAssembly'
info: Unity.ILPP.Runner.PostProcessingPipeline[0]
      Processing assembly Library/Bee/artifacts/2400b0aE.dag/Unity.2D.SpriteShape.Runtime.dll, with 135 defines and 297 references
info: Unity.ILPP.Runner.PostProcessingPipeline[0]
      processors: Unity.Jobs.CodeGen.JobsILPostProcessor, zzzUnity.Burst.CodeGen.BurstILPostProcessor
info: Unity.ILPP.Runner.PostProcessingPipeline[0]
      running Unity.Jobs.CodeGen.JobsILPostProcessor
info: Unity.ILPP.Runner.PostProcessingPipeline[0]
      running zzzUnity.Burst.CodeGen.BurstILPostProcessor
info: Microsoft.AspNetCore.Routing.EndpointMiddleware[1]
      Executed endpoint 'gRPC - /UnityILPP.PostProcessing/PostProcessAssembly'
info: Microsoft.AspNetCore.Hosting.Diagnostics[2]
      Request finished HTTP/2 POST http://ilpp/UnityILPP.PostProcessing/PostProcessAssembly - 200 - application/grpc 2032.9408ms
info: Microsoft.AspNetCore.Routing.EndpointMiddleware[1]
      Executed endpoint 'gRPC - /UnityILPP.PostProcessing/PostProcessAssembly'
info: Microsoft.AspNetCore.Hosting.Diagnostics[2]
      Request finished HTTP/2 POST http://ilpp/UnityILPP.PostProcessing/PostProcessAssembly - 200 - application/grpc 3728.0524ms
info: Microsoft.AspNetCore.Hosting.Diagnostics[1]
      Request starting HTTP/2 POST http://ilpp/UnityILPP.PostProcessing/PostProcessAssembly - application/grpc -
info: Microsoft.AspNetCore.Routing.EndpointMiddleware[0]
      Executing endpoint 'gRPC - /UnityILPP.PostProcessing/PostProcessAssembly'
info: Unity.ILPP.Runner.PostProcessingPipeline[0]
      Processing assembly Library/Bee/artifacts/2400b0aE.dag/Unity.Multiplayer.Center.Editor.dll, with 132 defines and 305 references
info: Unity.ILPP.Runner.PostProcessingPipeline[0]
      processors: Unity.Jobs.CodeGen.JobsILPostProcessor, zzzUnity.Burst.CodeGen.BurstILPostProcessor
info: Unity.ILPP.Runner.PostProcessingPipeline[0]
      running Unity.Jobs.CodeGen.JobsILPostProcessor
info: Unity.ILPP.Runner.PostProcessingPipeline[0]
      running zzzUnity.Burst.CodeGen.BurstILPostProcessor
info: Microsoft.AspNetCore.Routing.EndpointMiddleware[1]
      Executed endpoint 'gRPC - /UnityILPP.PostProcessing/PostProcessAssembly'
info: Microsoft.AspNetCore.Hosting.Diagnostics[2]
      Request finished HTTP/2 POST http://ilpp/UnityILPP.PostProcessing/PostProcessAssembly - 200 - application/grpc 1.6901ms
info: Microsoft.AspNetCore.Routing.EndpointMiddleware[1]
      Executed endpoint 'gRPC - /UnityILPP.PostProcessing/PostProcessAssembly'
info: Microsoft.AspNetCore.Hosting.Diagnostics[2]
      Request finished HTTP/2 POST http://ilpp/UnityILPP.PostProcessing/PostProcessAssembly - 200 - application/grpc 3737.7563ms
info: Microsoft.AspNetCore.Hosting.Diagnostics[1]
      Request starting HTTP/2 POST http://ilpp/UnityILPP.PostProcessing/PostProcessAssembly - application/grpc -
info: Microsoft.AspNetCore.Routing.EndpointMiddleware[0]
      Executing endpoint 'gRPC - /UnityILPP.PostProcessing/PostProcessAssembly'
info: Unity.ILPP.Runner.PostProcessingPipeline[0]
      Processing assembly Library/Bee/artifacts/2400b0aE.dag/Unity.2D.Common.Path.Editor.dll, with 132 defines and 304 references
info: Unity.ILPP.Runner.PostProcessingPipeline[0]
      processors: Unity.Jobs.CodeGen.JobsILPostProcessor, zzzUnity.Burst.CodeGen.BurstILPostProcessor
info: Unity.ILPP.Runner.PostProcessingPipeline[0]
      running Unity.Jobs.CodeGen.JobsILPostProcessor
info: Unity.ILPP.Runner.PostProcessingPipeline[0]
      running zzzUnity.Burst.CodeGen.BurstILPostProcessor
info: Microsoft.AspNetCore.Routing.EndpointMiddleware[1]
      Executed endpoint 'gRPC - /UnityILPP.PostProcessing/PostProcessAssembly'
info: Microsoft.AspNetCore.Hosting.Diagnostics[2]
      Request finished HTTP/2 POST http://ilpp/UnityILPP.PostProcessing/PostProcessAssembly - 200 - application/grpc 2.0736ms
info: Microsoft.AspNetCore.Hosting.Diagnostics[1]
      Request starting HTTP/2 POST http://ilpp/UnityILPP.PostProcessing/PostProcessAssembly - application/grpc -
info: Microsoft.AspNetCore.Routing.EndpointMiddleware[0]
      Executing endpoint 'gRPC - /UnityILPP.PostProcessing/PostProcessAssembly'
info: Unity.ILPP.Runner.PostProcessingPipeline[0]
      Processing assembly Library/Bee/artifacts/2400b0aE.dag/Unity.2D.Sprite.Editor.dll, with 132 defines and 304 references
info: Unity.ILPP.Runner.PostProcessingPipeline[0]
      processors: Unity.Jobs.CodeGen.JobsILPostProcessor, zzzUnity.Burst.CodeGen.BurstILPostProcessor
info: Unity.ILPP.Runner.PostProcessingPipeline[0]
      running Unity.Jobs.CodeGen.JobsILPostProcessor
info: Unity.ILPP.Runner.PostProcessingPipeline[0]
      running zzzUnity.Burst.CodeGen.BurstILPostProcessor
info: Microsoft.AspNetCore.Routing.EndpointMiddleware[1]
      Executed endpoint 'gRPC - /UnityILPP.PostProcessing/PostProcessAssembly'
info: Microsoft.AspNetCore.Hosting.Diagnostics[2]
      Request finished HTTP/2 POST http://ilpp/UnityILPP.PostProcessing/PostProcessAssembly - 200 - application/grpc 2.4117ms
info: Microsoft.AspNetCore.Hosting.Diagnostics[1]
      Request starting HTTP/2 POST http://ilpp/UnityILPP.PostProcessing/PostProcessAssembly - application/grpc -
info: Microsoft.AspNetCore.Routing.EndpointMiddleware[0]
      Executing endpoint 'gRPC - /UnityILPP.PostProcessing/PostProcessAssembly'
info: Unity.ILPP.Runner.PostProcessingPipeline[0]
      Processing assembly Library/Bee/artifacts/2400b0aE.dag/Unity.PlasticSCM.Editor.Assistant.dll, with 132 defines and 305 references
info: Unity.ILPP.Runner.PostProcessingPipeline[0]
      processors: Unity.Jobs.CodeGen.JobsILPostProcessor, zzzUnity.Burst.CodeGen.BurstILPostProcessor
info: Unity.ILPP.Runner.PostProcessingPipeline[0]
      running Unity.Jobs.CodeGen.JobsILPostProcessor
info: Unity.ILPP.Runner.PostProcessingPipeline[0]
      running zzzUnity.Burst.CodeGen.BurstILPostProcessor
info: Microsoft.AspNetCore.Routing.EndpointMiddleware[1]
      Executed endpoint 'gRPC - /UnityILPP.PostProcessing/PostProcessAssembly'
info: Microsoft.AspNetCore.Hosting.Diagnostics[2]
      Request finished HTTP/2 POST http://ilpp/UnityILPP.PostProcessing/PostProcessAssembly - 200 - application/grpc 8.5053ms
info: Microsoft.AspNetCore.Hosting.Diagnostics[1]
      Request starting HTTP/2 POST http://ilpp/UnityILPP.PostProcessing/PostProcessAssembly - application/grpc -
info: Microsoft.AspNetCore.Routing.EndpointMiddleware[0]
      Executing endpoint 'gRPC - /UnityILPP.PostProcessing/PostProcessAssembly'
info: Unity.ILPP.Runner.PostProcessingPipeline[0]
      Processing assembly Library/Bee/artifacts/2400b0aE.dag/Unity.InputSystem.ForUI.Editor.dll, with 132 defines and 306 references
info: Unity.ILPP.Runner.PostProcessingPipeline[0]
      processors: Unity.Jobs.CodeGen.JobsILPostProcessor, zzzUnity.Burst.CodeGen.BurstILPostProcessor
info: Unity.ILPP.Runner.PostProcessingPipeline[0]
      running Unity.Jobs.CodeGen.JobsILPostProcessor
info: Unity.ILPP.Runner.PostProcessingPipeline[0]
      running zzzUnity.Burst.CodeGen.BurstILPostProcessor
info: Microsoft.AspNetCore.Routing.EndpointMiddleware[1]
      Executed endpoint 'gRPC - /UnityILPP.PostProcessing/PostProcessAssembly'
info: Microsoft.AspNetCore.Hosting.Diagnostics[2]
      Request finished HTTP/2 POST http://ilpp/UnityILPP.PostProcessing/PostProcessAssembly - 200 - application/grpc 78.9621ms
info: Microsoft.AspNetCore.Hosting.Diagnostics[1]
      Request starting HTTP/2 POST http://ilpp/UnityILPP.PostProcessing/PostProcessAssembly - application/grpc -
info: Microsoft.AspNetCore.Routing.EndpointMiddleware[0]
      Executing endpoint 'gRPC - /UnityILPP.PostProcessing/PostProcessAssembly'
info: Unity.ILPP.Runner.PostProcessingPipeline[0]
      Processing assembly Library/Bee/artifacts/2400b0aE.dag/Unity.2D.Triangulation.Runtime.dll, with 132 defines and 294 references
info: Unity.ILPP.Runner.PostProcessingPipeline[0]
      processors: Unity.Jobs.CodeGen.JobsILPostProcessor, zzzUnity.Burst.CodeGen.BurstILPostProcessor
info: Unity.ILPP.Runner.PostProcessingPipeline[0]
      running Unity.Jobs.CodeGen.JobsILPostProcessor
info: Microsoft.AspNetCore.Hosting.Diagnostics[1]
      Request starting HTTP/2 POST http://ilpp/UnityILPP.PostProcessing/PostProcessAssembly - application/grpc -
info: Microsoft.AspNetCore.Routing.EndpointMiddleware[0]
      Executing endpoint 'gRPC - /UnityILPP.PostProcessing/PostProcessAssembly'
info: Unity.ILPP.Runner.PostProcessingPipeline[0]
      Processing assembly Library/Bee/artifacts/2400b0aE.dag/ScriptablePacker.dll, with 132 defines and 294 references
info: Unity.ILPP.Runner.PostProcessingPipeline[0]
      processors: Unity.Jobs.CodeGen.JobsILPostProcessor, zzzUnity.Burst.CodeGen.BurstILPostProcessor
info: Unity.ILPP.Runner.PostProcessingPipeline[0]
      running Unity.Jobs.CodeGen.JobsILPostProcessor
info: Microsoft.AspNetCore.Hosting.Diagnostics[1]
      Request starting HTTP/2 POST http://ilpp/UnityILPP.PostProcessing/PostProcessAssembly - application/grpc -
info: Microsoft.AspNetCore.Routing.EndpointMiddleware[0]
      Executing endpoint 'gRPC - /UnityILPP.PostProcessing/PostProcessAssembly'
info: Unity.ILPP.Runner.PostProcessingPipeline[0]
      Processing assembly Library/Bee/artifacts/2400b0aE.dag/Unity.InternalAPIEditorBridge.001.dll, with 133 defines and 305 references
info: Unity.ILPP.Runner.PostProcessingPipeline[0]
      processors: Unity.Jobs.CodeGen.JobsILPostProcessor, zzzUnity.Burst.CodeGen.BurstILPostProcessor
info: Unity.ILPP.Runner.PostProcessingPipeline[0]
      running Unity.Jobs.CodeGen.JobsILPostProcessor
info: Unity.ILPP.Runner.PostProcessingPipeline[0]
      running zzzUnity.Burst.CodeGen.BurstILPostProcessor
info: Microsoft.AspNetCore.Routing.EndpointMiddleware[1]
      Executed endpoint 'gRPC - /UnityILPP.PostProcessing/PostProcessAssembly'
info: Microsoft.AspNetCore.Hosting.Diagnostics[2]
      Request finished HTTP/2 POST http://ilpp/UnityILPP.PostProcessing/PostProcessAssembly - 200 - application/grpc 6.6272ms
info: Unity.ILPP.Runner.PostProcessingPipeline[0]
      running zzzUnity.Burst.CodeGen.BurstILPostProcessor
info: Unity.ILPP.Runner.PostProcessingPipeline[0]
      running zzzUnity.Burst.CodeGen.BurstILPostProcessor
info: Microsoft.AspNetCore.Hosting.Diagnostics[1]
      Request starting HTTP/2 POST http://ilpp/UnityILPP.PostProcessing/PostProcessAssembly - application/grpc -
info: Microsoft.AspNetCore.Routing.EndpointMiddleware[0]
      Executing endpoint 'gRPC - /UnityILPP.PostProcessing/PostProcessAssembly'
info: Unity.ILPP.Runner.PostProcessingPipeline[0]
      Processing assembly Library/Bee/artifacts/2400b0aE.dag/Unity.PlasticSCM.Editor.Entities.dll, with 132 defines and 305 references
info: Unity.ILPP.Runner.PostProcessingPipeline[0]
      processors: Unity.Jobs.CodeGen.JobsILPostProcessor, zzzUnity.Burst.CodeGen.BurstILPostProcessor
info: Unity.ILPP.Runner.PostProcessingPipeline[0]
      running Unity.Jobs.CodeGen.JobsILPostProcessor
info: Unity.ILPP.Runner.PostProcessingPipeline[0]
      running zzzUnity.Burst.CodeGen.BurstILPostProcessor
info: Microsoft.AspNetCore.Routing.EndpointMiddleware[1]
      Executed endpoint 'gRPC - /UnityILPP.PostProcessing/PostProcessAssembly'
info: Microsoft.AspNetCore.Hosting.Diagnostics[2]
      Request finished HTTP/2 POST http://ilpp/UnityILPP.PostProcessing/PostProcessAssembly - 200 - application/grpc 11.2333ms
info: Microsoft.AspNetCore.Routing.EndpointMiddleware[1]
      Executed endpoint 'gRPC - /UnityILPP.PostProcessing/PostProcessAssembly'
info: Microsoft.AspNetCore.Hosting.Diagnostics[2]
      Request finished HTTP/2 POST http://ilpp/UnityILPP.PostProcessing/PostProcessAssembly - 200 - application/grpc 225.5804ms
info: Microsoft.AspNetCore.Hosting.Diagnostics[1]
      Request starting HTTP/2 POST http://ilpp/UnityILPP.PostProcessing/PostProcessAssembly - application/grpc -
info: Microsoft.AspNetCore.Routing.EndpointMiddleware[0]
      Executing endpoint 'gRPC - /UnityILPP.PostProcessing/PostProcessAssembly'
info: Unity.ILPP.Runner.PostProcessingPipeline[0]
      Processing assembly Library/Bee/artifacts/2400b0aE.dag/UnityEditor.UI.dll, with 135 defines and 303 references
info: Unity.ILPP.Runner.PostProcessingPipeline[0]
      processors: Unity.Jobs.CodeGen.JobsILPostProcessor, zzzUnity.Burst.CodeGen.BurstILPostProcessor
info: Unity.ILPP.Runner.PostProcessingPipeline[0]
      running Unity.Jobs.CodeGen.JobsILPostProcessor
info: Unity.ILPP.Runner.PostProcessingPipeline[0]
      running zzzUnity.Burst.CodeGen.BurstILPostProcessor
info: Microsoft.AspNetCore.Routing.EndpointMiddleware[1]
      Executed endpoint 'gRPC - /UnityILPP.PostProcessing/PostProcessAssembly'
info: Microsoft.AspNetCore.Hosting.Diagnostics[2]
      Request finished HTTP/2 POST http://ilpp/UnityILPP.PostProcessing/PostProcessAssembly - 200 - application/grpc 298.7744ms
info: Microsoft.AspNetCore.Routing.EndpointMiddleware[1]
      Executed endpoint 'gRPC - /UnityILPP.PostProcessing/PostProcessAssembly'
info: Microsoft.AspNetCore.Hosting.Diagnostics[2]
      Request finished HTTP/2 POST http://ilpp/UnityILPP.PostProcessing/PostProcessAssembly - 200 - application/grpc 39.2001ms
info: Microsoft.AspNetCore.Hosting.Diagnostics[1]
      Request starting HTTP/2 POST http://ilpp/UnityILPP.PostProcessing/PostProcessAssembly - application/grpc -
info: Microsoft.AspNetCore.Routing.EndpointMiddleware[0]
      Executing endpoint 'gRPC - /UnityILPP.PostProcessing/PostProcessAssembly'
info: Unity.ILPP.Runner.PostProcessingPipeline[0]
      Processing assembly Library/Bee/artifacts/2400b0aE.dag/Unity.2D.Common.Editor.dll, with 132 defines and 308 references
info: Unity.ILPP.Runner.PostProcessingPipeline[0]
      processors: Unity.Jobs.CodeGen.JobsILPostProcessor, zzzUnity.Burst.CodeGen.BurstILPostProcessor
info: Microsoft.AspNetCore.Hosting.Diagnostics[1]
      Request starting HTTP/2 POST http://ilpp/UnityILPP.PostProcessing/PostProcessAssembly - application/grpc -
info: Microsoft.AspNetCore.Routing.EndpointMiddleware[0]
      Executing endpoint 'gRPC - /UnityILPP.PostProcessing/PostProcessAssembly'
info: Unity.ILPP.Runner.PostProcessingPipeline[0]
      Processing assembly Library/Bee/artifacts/2400b0aE.dag/Unity.2D.Aseprite.Common.dll, with 132 defines and 307 references
info: Unity.ILPP.Runner.PostProcessingPipeline[0]
      processors: Unity.Jobs.CodeGen.JobsILPostProcessor, zzzUnity.Burst.CodeGen.BurstILPostProcessor
info: Unity.ILPP.Runner.PostProcessingPipeline[0]
      running Unity.Jobs.CodeGen.JobsILPostProcessor
info: Unity.ILPP.Runner.PostProcessingPipeline[0]
      running zzzUnity.Burst.CodeGen.BurstILPostProcessor
info: Unity.ILPP.Runner.PostProcessingPipeline[0]
      running Unity.Jobs.CodeGen.JobsILPostProcessor
info: Unity.ILPP.Runner.PostProcessingPipeline[0]
      running zzzUnity.Burst.CodeGen.BurstILPostProcessor
info: Microsoft.AspNetCore.Hosting.Diagnostics[1]
      Request starting HTTP/2 POST http://ilpp/UnityILPP.PostProcessing/PostProcessAssembly - application/grpc -
info: Microsoft.AspNetCore.Routing.EndpointMiddleware[0]
      Executing endpoint 'gRPC - /UnityILPP.PostProcessing/PostProcessAssembly'
info: Unity.ILPP.Runner.PostProcessingPipeline[0]
      Processing assembly Library/Bee/artifacts/2400b0aE.dag/Unity.Searcher.Editor.dll, with 132 defines and 304 references
info: Unity.ILPP.Runner.PostProcessingPipeline[0]
      processors: Unity.Jobs.CodeGen.JobsILPostProcessor, zzzUnity.Burst.CodeGen.BurstILPostProcessor
info: Unity.ILPP.Runner.PostProcessingPipeline[0]
      running Unity.Jobs.CodeGen.JobsILPostProcessor
info: Unity.ILPP.Runner.PostProcessingPipeline[0]
      running zzzUnity.Burst.CodeGen.BurstILPostProcessor
info: Microsoft.AspNetCore.Routing.EndpointMiddleware[1]
      Executed endpoint 'gRPC - /UnityILPP.PostProcessing/PostProcessAssembly'
info: Microsoft.AspNetCore.Hosting.Diagnostics[2]
      Request finished HTTP/2 POST http://ilpp/UnityILPP.PostProcessing/PostProcessAssembly - 200 - application/grpc 11.0380ms
info: Microsoft.AspNetCore.Routing.EndpointMiddleware[1]
      Executed endpoint 'gRPC - /UnityILPP.PostProcessing/PostProcessAssembly'
info: Microsoft.AspNetCore.Hosting.Diagnostics[2]
      Request finished HTTP/2 POST http://ilpp/UnityILPP.PostProcessing/PostProcessAssembly - 200 - application/grpc 96.4276ms
info: Microsoft.AspNetCore.Hosting.Diagnostics[1]
      Request starting HTTP/2 POST http://ilpp/UnityILPP.PostProcessing/PostProcessAssembly - application/grpc -
info: Microsoft.AspNetCore.Routing.EndpointMiddleware[0]
      Executing endpoint 'gRPC - /UnityILPP.PostProcessing/PostProcessAssembly'
info: Unity.ILPP.Runner.PostProcessingPipeline[0]
      Processing assembly Library/Bee/artifacts/2400b0aE.dag/Unity.Collections.Editor.dll, with 133 defines and 305 references
info: Unity.ILPP.Runner.PostProcessingPipeline[0]
      processors: Unity.Jobs.CodeGen.JobsILPostProcessor, zzzUnity.Burst.CodeGen.BurstILPostProcessor
info: Unity.ILPP.Runner.PostProcessingPipeline[0]
      running Unity.Jobs.CodeGen.JobsILPostProcessor
info: Microsoft.AspNetCore.Hosting.Diagnostics[1]
      Request starting HTTP/2 POST http://ilpp/UnityILPP.PostProcessing/PostProcessAssembly - application/grpc -
info: Microsoft.AspNetCore.Routing.EndpointMiddleware[0]
      Executing endpoint 'gRPC - /UnityILPP.PostProcessing/PostProcessAssembly'
info: Unity.ILPP.Runner.PostProcessingPipeline[0]
      Processing assembly Library/Bee/artifacts/2400b0aE.dag/PsdPlugin.dll, with 132 defines and 305 references
info: Unity.ILPP.Runner.PostProcessingPipeline[0]
      processors: Unity.Jobs.CodeGen.JobsILPostProcessor, zzzUnity.Burst.CodeGen.BurstILPostProcessor
info: Unity.ILPP.Runner.PostProcessingPipeline[0]
      running Unity.Jobs.CodeGen.JobsILPostProcessor
info: Unity.ILPP.Runner.PostProcessingPipeline[0]
      running zzzUnity.Burst.CodeGen.BurstILPostProcessor
info: Unity.ILPP.Runner.PostProcessingPipeline[0]
      running zzzUnity.Burst.CodeGen.BurstILPostProcessor
info: Microsoft.AspNetCore.Routing.EndpointMiddleware[1]
      Executed endpoint 'gRPC - /UnityILPP.PostProcessing/PostProcessAssembly'
info: Microsoft.AspNetCore.Hosting.Diagnostics[2]
      Request finished HTTP/2 POST http://ilpp/UnityILPP.PostProcessing/PostProcessAssembly - 200 - application/grpc 50.8996ms
info: Microsoft.AspNetCore.Routing.EndpointMiddleware[1]
      Executed endpoint 'gRPC - /UnityILPP.PostProcessing/PostProcessAssembly'
info: Microsoft.AspNetCore.Hosting.Diagnostics[2]
      Request finished HTTP/2 POST http://ilpp/UnityILPP.PostProcessing/PostProcessAssembly - 200 - application/grpc 488.6666ms
info: Microsoft.AspNetCore.Routing.EndpointMiddleware[1]
      Executed endpoint 'gRPC - /UnityILPP.PostProcessing/PostProcessAssembly'
info: Microsoft.AspNetCore.Hosting.Diagnostics[2]
      Request finished HTTP/2 POST http://ilpp/UnityILPP.PostProcessing/PostProcessAssembly - 200 - application/grpc 279.9883ms
info: Microsoft.AspNetCore.Hosting.Diagnostics[1]
      Request starting HTTP/2 POST http://ilpp/UnityILPP.PostProcessing/PostProcessAssembly - application/grpc -
info: Microsoft.AspNetCore.Routing.EndpointMiddleware[0]
      Executing endpoint 'gRPC - /UnityILPP.PostProcessing/PostProcessAssembly'
info: Unity.ILPP.Runner.PostProcessingPipeline[0]
      Processing assembly Library/Bee/artifacts/2400b0aE.dag/Unity.InternalAPIEngineBridge.RenderPipelines.Core.Editor.dll, with 132 defines and 304 references
info: Unity.ILPP.Runner.PostProcessingPipeline[0]
      processors: Unity.Jobs.CodeGen.JobsILPostProcessor, zzzUnity.Burst.CodeGen.BurstILPostProcessor
info: Unity.ILPP.Runner.PostProcessingPipeline[0]
      running Unity.Jobs.CodeGen.JobsILPostProcessor
info: Unity.ILPP.Runner.PostProcessingPipeline[0]
      running zzzUnity.Burst.CodeGen.BurstILPostProcessor
info: Microsoft.AspNetCore.Routing.EndpointMiddleware[1]
      Executed endpoint 'gRPC - /UnityILPP.PostProcessing/PostProcessAssembly'
info: Microsoft.AspNetCore.Hosting.Diagnostics[2]
      Request finished HTTP/2 POST http://ilpp/UnityILPP.PostProcessing/PostProcessAssembly - 200 - application/grpc 15.2219ms
info: Microsoft.AspNetCore.Hosting.Diagnostics[1]
      Request starting HTTP/2 POST http://ilpp/UnityILPP.PostProcessing/PostProcessAssembly - application/grpc -
info: Microsoft.AspNetCore.Routing.EndpointMiddleware[0]
      Executing endpoint 'gRPC - /UnityILPP.PostProcessing/PostProcessAssembly'
info: Unity.ILPP.Runner.PostProcessingPipeline[0]
      Processing assembly Library/Bee/artifacts/2400b0aE.dag/UnityEditor.UI.Analytics.dll, with 132 defines and 305 references
info: Unity.ILPP.Runner.PostProcessingPipeline[0]
      processors: Unity.Jobs.CodeGen.JobsILPostProcessor, zzzUnity.Burst.CodeGen.BurstILPostProcessor
info: Unity.ILPP.Runner.PostProcessingPipeline[0]
      running Unity.Jobs.CodeGen.JobsILPostProcessor
info: Unity.ILPP.Runner.PostProcessingPipeline[0]
      running zzzUnity.Burst.CodeGen.BurstILPostProcessor
info: Microsoft.AspNetCore.Routing.EndpointMiddleware[1]
      Executed endpoint 'gRPC - /UnityILPP.PostProcessing/PostProcessAssembly'
info: Microsoft.AspNetCore.Hosting.Diagnostics[2]
      Request finished HTTP/2 POST http://ilpp/UnityILPP.PostProcessing/PostProcessAssembly - 200 - application/grpc 6.4705ms
info: Microsoft.AspNetCore.Hosting.Diagnostics[1]
      Request starting HTTP/2 POST http://ilpp/UnityILPP.PostProcessing/PostProcessAssembly - application/grpc -
info: Microsoft.AspNetCore.Routing.EndpointMiddleware[0]
      Executing endpoint 'gRPC - /UnityILPP.PostProcessing/PostProcessAssembly'
info: Unity.ILPP.Runner.PostProcessingPipeline[0]
      Processing assembly Library/Bee/artifacts/2400b0aE.dag/Unity.Rendering.LightTransport.Editor.dll, with 132 defines and 304 references
info: Unity.ILPP.Runner.PostProcessingPipeline[0]
      processors: Unity.Jobs.CodeGen.JobsILPostProcessor, zzzUnity.Burst.CodeGen.BurstILPostProcessor
info: Unity.ILPP.Runner.PostProcessingPipeline[0]
      running Unity.Jobs.CodeGen.JobsILPostProcessor
info: Unity.ILPP.Runner.PostProcessingPipeline[0]
      running zzzUnity.Burst.CodeGen.BurstILPostProcessor
info: Microsoft.AspNetCore.Routing.EndpointMiddleware[1]
      Executed endpoint 'gRPC - /UnityILPP.PostProcessing/PostProcessAssembly'
info: Microsoft.AspNetCore.Hosting.Diagnostics[2]
      Request finished HTTP/2 POST http://ilpp/UnityILPP.PostProcessing/PostProcessAssembly - 200 - application/grpc 5.8143ms
info: Microsoft.AspNetCore.Hosting.Diagnostics[1]
      Request starting HTTP/2 POST http://ilpp/UnityILPP.PostProcessing/PostProcessAssembly - application/grpc -
info: Microsoft.AspNetCore.Routing.EndpointMiddleware[0]
      Executing endpoint 'gRPC - /UnityILPP.PostProcessing/PostProcessAssembly'
info: Unity.ILPP.Runner.PostProcessingPipeline[0]
      Processing assembly Library/Bee/artifacts/2400b0aE.dag/Unity.2D.Tilemap.Extras.Editor.dll, with 132 defines and 306 references
info: Unity.ILPP.Runner.PostProcessingPipeline[0]
      processors: Unity.Jobs.CodeGen.JobsILPostProcessor, zzzUnity.Burst.CodeGen.BurstILPostProcessor
info: Unity.ILPP.Runner.PostProcessingPipeline[0]
      running Unity.Jobs.CodeGen.JobsILPostProcessor
info: Unity.ILPP.Runner.PostProcessingPipeline[0]
      running zzzUnity.Burst.CodeGen.BurstILPostProcessor
info: Microsoft.AspNetCore.Hosting.Diagnostics[1]
      Request starting HTTP/2 POST http://ilpp/UnityILPP.PostProcessing/PostProcessAssembly - application/grpc -
info: Microsoft.AspNetCore.Routing.EndpointMiddleware[0]
      Executing endpoint 'gRPC - /UnityILPP.PostProcessing/PostProcessAssembly'
info: Unity.ILPP.Runner.PostProcessingPipeline[0]
      Processing assembly Library/Bee/artifacts/2400b0aE.dag/Unity.InputSystem.DocCodeSamples.dll, with 132 defines and 291 references
info: Unity.ILPP.Runner.PostProcessingPipeline[0]
      processors: Unity.Jobs.CodeGen.JobsILPostProcessor, zzzUnity.Burst.CodeGen.BurstILPostProcessor
info: Unity.ILPP.Runner.PostProcessingPipeline[0]
      running Unity.Jobs.CodeGen.JobsILPostProcessor
info: Unity.ILPP.Runner.PostProcessingPipeline[0]
      running zzzUnity.Burst.CodeGen.BurstILPostProcessor
info: Microsoft.AspNetCore.Routing.EndpointMiddleware[1]
      Executed endpoint 'gRPC - /UnityILPP.PostProcessing/PostProcessAssembly'
info: Microsoft.AspNetCore.Hosting.Diagnostics[2]
      Request finished HTTP/2 POST http://ilpp/UnityILPP.PostProcessing/PostProcessAssembly - 200 - application/grpc 32.4608ms
info: Microsoft.AspNetCore.Routing.EndpointMiddleware[1]
      Executed endpoint 'gRPC - /UnityILPP.PostProcessing/PostProcessAssembly'
info: Microsoft.AspNetCore.Hosting.Diagnostics[2]
      Request finished HTTP/2 POST http://ilpp/UnityILPP.PostProcessing/PostProcessAssembly - 200 - application/grpc 38.2159ms
info: Microsoft.AspNetCore.Hosting.Diagnostics[1]
      Request starting HTTP/2 POST http://ilpp/UnityILPP.PostProcessing/PostProcessAssembly - application/grpc -
info: Microsoft.AspNetCore.Routing.EndpointMiddleware[0]
      Executing endpoint 'gRPC - /UnityILPP.PostProcessing/PostProcessAssembly'
info: Unity.ILPP.Runner.PostProcessingPipeline[0]
      Processing assembly Library/Bee/artifacts/2400b0aE.dag/Unity.PlasticSCM.Editor.dll, with 133 defines and 294 references
info: Unity.ILPP.Runner.PostProcessingPipeline[0]
      processors: Unity.Jobs.CodeGen.JobsILPostProcessor, zzzUnity.Burst.CodeGen.BurstILPostProcessor
info: Unity.ILPP.Runner.PostProcessingPipeline[0]
      running Unity.Jobs.CodeGen.JobsILPostProcessor
info: Unity.ILPP.Runner.PostProcessingPipeline[0]
      running zzzUnity.Burst.CodeGen.BurstILPostProcessor
info: Microsoft.AspNetCore.Routing.EndpointMiddleware[1]
      Executed endpoint 'gRPC - /UnityILPP.PostProcessing/PostProcessAssembly'
info: Microsoft.AspNetCore.Hosting.Diagnostics[2]
      Request finished HTTP/2 POST http://ilpp/UnityILPP.PostProcessing/PostProcessAssembly - 200 - application/grpc 30.7155ms
info: Microsoft.AspNetCore.Hosting.Diagnostics[1]
      Request starting HTTP/2 POST http://ilpp/UnityILPP.PostProcessing/PostProcessAssembly - application/grpc -
info: Microsoft.AspNetCore.Routing.EndpointMiddleware[0]
      Executing endpoint 'gRPC - /UnityILPP.PostProcessing/PostProcessAssembly'
info: Unity.ILPP.Runner.PostProcessingPipeline[0]
      Processing assembly Library/Bee/artifacts/2400b0aE.dag/Unity.PerformanceTesting.Editor.dll, with 133 defines and 291 references
info: Unity.ILPP.Runner.PostProcessingPipeline[0]
      processors: Unity.Jobs.CodeGen.JobsILPostProcessor, zzzUnity.Burst.CodeGen.BurstILPostProcessor
info: Unity.ILPP.Runner.PostProcessingPipeline[0]
      running Unity.Jobs.CodeGen.JobsILPostProcessor
info: Unity.ILPP.Runner.PostProcessingPipeline[0]
      running zzzUnity.Burst.CodeGen.BurstILPostProcessor
info: Microsoft.AspNetCore.Routing.EndpointMiddleware[1]
      Executed endpoint 'gRPC - /UnityILPP.PostProcessing/PostProcessAssembly'
info: Microsoft.AspNetCore.Hosting.Diagnostics[2]
      Request finished HTTP/2 POST http://ilpp/UnityILPP.PostProcessing/PostProcessAssembly - 200 - application/grpc 11.3100ms
info: Microsoft.AspNetCore.Hosting.Diagnostics[1]
      Request starting HTTP/2 POST http://ilpp/UnityILPP.PostProcessing/PostProcessAssembly - application/grpc -
info: Microsoft.AspNetCore.Routing.EndpointMiddleware[0]
      Executing endpoint 'gRPC - /UnityILPP.PostProcessing/PostProcessAssembly'
info: Unity.ILPP.Runner.PostProcessingPipeline[0]
      Processing assembly Library/Bee/artifacts/2400b0aE.dag/Unity.2D.Tilemap.Editor.dll, with 132 defines and 304 references
info: Unity.ILPP.Runner.PostProcessingPipeline[0]
      processors: Unity.Jobs.CodeGen.JobsILPostProcessor, zzzUnity.Burst.CodeGen.BurstILPostProcessor
info: Unity.ILPP.Runner.PostProcessingPipeline[0]
      running Unity.Jobs.CodeGen.JobsILPostProcessor
info: Unity.ILPP.Runner.PostProcessingPipeline[0]
      running zzzUnity.Burst.CodeGen.BurstILPostProcessor
info: Microsoft.AspNetCore.Routing.EndpointMiddleware[1]
      Executed endpoint 'gRPC - /UnityILPP.PostProcessing/PostProcessAssembly'
info: Microsoft.AspNetCore.Hosting.Diagnostics[2]
      Request finished HTTP/2 POST http://ilpp/UnityILPP.PostProcessing/PostProcessAssembly - 200 - application/grpc 3.3855ms
info: Microsoft.AspNetCore.Hosting.Diagnostics[1]
      Request starting HTTP/2 POST http://ilpp/UnityILPP.PostProcessing/PostProcessAssembly - application/grpc -
info: Microsoft.AspNetCore.Routing.EndpointMiddleware[0]
      Executing endpoint 'gRPC - /UnityILPP.PostProcessing/PostProcessAssembly'
info: Unity.ILPP.Runner.PostProcessingPipeline[0]
      Processing assembly Library/Bee/artifacts/2400b0aE.dag/Unity.2D.Tooling.Editor.dll, with 132 defines and 307 references
info: Unity.ILPP.Runner.PostProcessingPipeline[0]
      processors: Unity.Jobs.CodeGen.JobsILPostProcessor, zzzUnity.Burst.CodeGen.BurstILPostProcessor
info: Unity.ILPP.Runner.PostProcessingPipeline[0]
      running Unity.Jobs.CodeGen.JobsILPostProcessor
info: Unity.ILPP.Runner.PostProcessingPipeline[0]
      running zzzUnity.Burst.CodeGen.BurstILPostProcessor
info: Microsoft.AspNetCore.Hosting.Diagnostics[1]
      Request starting HTTP/2 POST http://ilpp/UnityILPP.PostProcessing/PostProcessAssembly - application/grpc -
info: Microsoft.AspNetCore.Routing.EndpointMiddleware[0]
      Executing endpoint 'gRPC - /UnityILPP.PostProcessing/PostProcessAssembly'
info: Unity.ILPP.Runner.PostProcessingPipeline[0]
      Processing assembly Library/Bee/artifacts/2400b0aE.dag/Unity.CollabProxy.Editor.dll, with 132 defines and 305 references
info: Unity.ILPP.Runner.PostProcessingPipeline[0]
      processors: Unity.Jobs.CodeGen.JobsILPostProcessor, zzzUnity.Burst.CodeGen.BurstILPostProcessor
info: Unity.ILPP.Runner.PostProcessingPipeline[0]
      running Unity.Jobs.CodeGen.JobsILPostProcessor
info: Unity.ILPP.Runner.PostProcessingPipeline[0]
      running zzzUnity.Burst.CodeGen.BurstILPostProcessor
info: Microsoft.AspNetCore.Routing.EndpointMiddleware[1]
      Executed endpoint 'gRPC - /UnityILPP.PostProcessing/PostProcessAssembly'
info: Microsoft.AspNetCore.Hosting.Diagnostics[2]
      Request finished HTTP/2 POST http://ilpp/UnityILPP.PostProcessing/PostProcessAssembly - 200 - application/grpc 6.0415ms
info: Microsoft.AspNetCore.Routing.EndpointMiddleware[1]
      Executed endpoint 'gRPC - /UnityILPP.PostProcessing/PostProcessAssembly'
info: Microsoft.AspNetCore.Hosting.Diagnostics[2]
      Request finished HTTP/2 POST http://ilpp/UnityILPP.PostProcessing/PostProcessAssembly - 200 - application/grpc 285.8901ms
info: Microsoft.AspNetCore.Hosting.Diagnostics[1]
      Request starting HTTP/2 POST http://ilpp/UnityILPP.PostProcessing/PostProcessAssembly - application/grpc -
info: Microsoft.AspNetCore.Routing.EndpointMiddleware[0]
      Executing endpoint 'gRPC - /UnityILPP.PostProcessing/PostProcessAssembly'
info: Unity.ILPP.Runner.PostProcessingPipeline[0]
      Processing assembly Library/Bee/artifacts/2400b0aE.dag/Unity.2D.SpriteShape.Editor.dll, with 133 defines and 309 references
info: Unity.ILPP.Runner.PostProcessingPipeline[0]
      processors: Unity.Jobs.CodeGen.JobsILPostProcessor, zzzUnity.Burst.CodeGen.BurstILPostProcessor
info: Unity.ILPP.Runner.PostProcessingPipeline[0]
      running Unity.Jobs.CodeGen.JobsILPostProcessor
info: Unity.ILPP.Runner.PostProcessingPipeline[0]
      running zzzUnity.Burst.CodeGen.BurstILPostProcessor
info: Microsoft.AspNetCore.Routing.EndpointMiddleware[1]
      Executed endpoint 'gRPC - /UnityILPP.PostProcessing/PostProcessAssembly'
info: Microsoft.AspNetCore.Hosting.Diagnostics[2]
      Request finished HTTP/2 POST http://ilpp/UnityILPP.PostProcessing/PostProcessAssembly - 200 - application/grpc 2.9621ms
info: Microsoft.AspNetCore.Hosting.Diagnostics[1]
      Request starting HTTP/2 POST http://ilpp/UnityILPP.PostProcessing/PostProcessAssembly - application/grpc -
info: Microsoft.AspNetCore.Routing.EndpointMiddleware[0]
      Executing endpoint 'gRPC - /UnityILPP.PostProcessing/PostProcessAssembly'
info: Unity.ILPP.Runner.PostProcessingPipeline[0]
      Processing assembly Library/Bee/artifacts/2400b0aE.dag/Unity.RenderPipelines.Core.Runtime.dll, with 138 defines and 297 references
info: Unity.ILPP.Runner.PostProcessingPipeline[0]
      processors: Unity.Jobs.CodeGen.JobsILPostProcessor, zzzUnity.Burst.CodeGen.BurstILPostProcessor
info: Unity.ILPP.Runner.PostProcessingPipeline[0]
      running Unity.Jobs.CodeGen.JobsILPostProcessor
info: Unity.ILPP.Runner.PostProcessingPipeline[0]
      running zzzUnity.Burst.CodeGen.BurstILPostProcessor
info: Microsoft.AspNetCore.Routing.EndpointMiddleware[1]
      Executed endpoint 'gRPC - /UnityILPP.PostProcessing/PostProcessAssembly'
info: Microsoft.AspNetCore.Hosting.Diagnostics[2]
      Request finished HTTP/2 POST http://ilpp/UnityILPP.PostProcessing/PostProcessAssembly - 200 - application/grpc 570.2489ms
info: Microsoft.AspNetCore.Hosting.Diagnostics[1]
      Request starting HTTP/2 POST http://ilpp/UnityILPP.PostProcessing/PostProcessAssembly - application/grpc -
info: Microsoft.AspNetCore.Routing.EndpointMiddleware[0]
      Executing endpoint 'gRPC - /UnityILPP.PostProcessing/PostProcessAssembly'
info: Unity.ILPP.Runner.PostProcessingPipeline[0]
      Processing assembly Library/Bee/artifacts/2400b0aE.dag/Unity.RenderPipeline.Universal.ShaderLibrary.dll, with 134 defines and 294 references
info: Unity.ILPP.Runner.PostProcessingPipeline[0]
      processors: Unity.Jobs.CodeGen.JobsILPostProcessor, zzzUnity.Burst.CodeGen.BurstILPostProcessor
info: Unity.ILPP.Runner.PostProcessingPipeline[0]
      running Unity.Jobs.CodeGen.JobsILPostProcessor
info: Unity.ILPP.Runner.PostProcessingPipeline[0]
      running zzzUnity.Burst.CodeGen.BurstILPostProcessor
info: Microsoft.AspNetCore.Routing.EndpointMiddleware[1]
      Executed endpoint 'gRPC - /UnityILPP.PostProcessing/PostProcessAssembly'
info: Microsoft.AspNetCore.Hosting.Diagnostics[2]
      Request finished HTTP/2 POST http://ilpp/UnityILPP.PostProcessing/PostProcessAssembly - 200 - application/grpc 1.5185ms
info: Microsoft.AspNetCore.Hosting.Diagnostics[1]
      Request starting HTTP/2 POST http://ilpp/UnityILPP.PostProcessing/PostProcessAssembly - application/grpc -
info: Microsoft.AspNetCore.Routing.EndpointMiddleware[0]
      Executing endpoint 'gRPC - /UnityILPP.PostProcessing/PostProcessAssembly'
info: Unity.ILPP.Runner.PostProcessingPipeline[0]
      Processing assembly Library/Bee/artifacts/2400b0aE.dag/Unity.RenderPipelines.Core.Runtime.Shared.dll, with 134 defines and 296 references
info: Unity.ILPP.Runner.PostProcessingPipeline[0]
      processors: Unity.Jobs.CodeGen.JobsILPostProcessor, zzzUnity.Burst.CodeGen.BurstILPostProcessor
info: Unity.ILPP.Runner.PostProcessingPipeline[0]
      running Unity.Jobs.CodeGen.JobsILPostProcessor
info: Unity.ILPP.Runner.PostProcessingPipeline[0]
      running zzzUnity.Burst.CodeGen.BurstILPostProcessor
info: Microsoft.AspNetCore.Routing.EndpointMiddleware[1]
      Executed endpoint 'gRPC - /UnityILPP.PostProcessing/PostProcessAssembly'
info: Microsoft.AspNetCore.Hosting.Diagnostics[2]
      Request finished HTTP/2 POST http://ilpp/UnityILPP.PostProcessing/PostProcessAssembly - 200 - application/grpc 106.6002ms
info: Microsoft.AspNetCore.Hosting.Diagnostics[1]
      Request starting HTTP/2 POST http://ilpp/UnityILPP.PostProcessing/PostProcessAssembly - application/grpc -
info: Microsoft.AspNetCore.Routing.EndpointMiddleware[0]
      Executing endpoint 'gRPC - /UnityILPP.PostProcessing/PostProcessAssembly'
info: Unity.ILPP.Runner.PostProcessingPipeline[0]
      Processing assembly Library/Bee/artifacts/2400b0aE.dag/Unity.RenderPipelines.Universal.Config.Runtime.dll, with 134 defines and 294 references
info: Unity.ILPP.Runner.PostProcessingPipeline[0]
      processors: Unity.Jobs.CodeGen.JobsILPostProcessor, zzzUnity.Burst.CodeGen.BurstILPostProcessor
info: Unity.ILPP.Runner.PostProcessingPipeline[0]
      running Unity.Jobs.CodeGen.JobsILPostProcessor
info: Unity.ILPP.Runner.PostProcessingPipeline[0]
      running zzzUnity.Burst.CodeGen.BurstILPostProcessor
info: Microsoft.AspNetCore.Routing.EndpointMiddleware[1]
      Executed endpoint 'gRPC - /UnityILPP.PostProcessing/PostProcessAssembly'
info: Microsoft.AspNetCore.Hosting.Diagnostics[2]
      Request finished HTTP/2 POST http://ilpp/UnityILPP.PostProcessing/PostProcessAssembly - 200 - application/grpc 1.6668ms
info: Microsoft.AspNetCore.Hosting.Diagnostics[1]
      Request starting HTTP/2 POST http://ilpp/UnityILPP.PostProcessing/PostProcessAssembly - application/grpc -
info: Microsoft.AspNetCore.Routing.EndpointMiddleware[0]
      Executing endpoint 'gRPC - /UnityILPP.PostProcessing/PostProcessAssembly'
info: Unity.ILPP.Runner.PostProcessingPipeline[0]
      Processing assembly Library/Bee/artifacts/2400b0aE.dag/Unity.VisualScripting.Flow.dll, with 142 defines and 295 references
info: Unity.ILPP.Runner.PostProcessingPipeline[0]
      processors: Unity.Jobs.CodeGen.JobsILPostProcessor, zzzUnity.Burst.CodeGen.BurstILPostProcessor
info: Unity.ILPP.Runner.PostProcessingPipeline[0]
      running Unity.Jobs.CodeGen.JobsILPostProcessor
info: Unity.ILPP.Runner.PostProcessingPipeline[0]
      running zzzUnity.Burst.CodeGen.BurstILPostProcessor
info: Microsoft.AspNetCore.Routing.EndpointMiddleware[1]
      Executed endpoint 'gRPC - /UnityILPP.PostProcessing/PostProcessAssembly'
info: Microsoft.AspNetCore.Hosting.Diagnostics[2]
      Request finished HTTP/2 POST http://ilpp/UnityILPP.PostProcessing/PostProcessAssembly - 200 - application/grpc 3.3798ms
info: Microsoft.AspNetCore.Hosting.Diagnostics[1]
      Request starting HTTP/2 POST http://ilpp/UnityILPP.PostProcessing/PostProcessAssembly - application/grpc -
info: Microsoft.AspNetCore.Routing.EndpointMiddleware[0]
      Executing endpoint 'gRPC - /UnityILPP.PostProcessing/PostProcessAssembly'
info: Unity.ILPP.Runner.PostProcessingPipeline[0]
      Processing assembly Library/Bee/artifacts/2400b0aE.dag/Unity.Burst.Editor.dll, with 132 defines and 305 references
info: Unity.ILPP.Runner.PostProcessingPipeline[0]
      processors: Unity.Jobs.CodeGen.JobsILPostProcessor, zzzUnity.Burst.CodeGen.BurstILPostProcessor
info: Unity.ILPP.Runner.PostProcessingPipeline[0]
      running Unity.Jobs.CodeGen.JobsILPostProcessor
info: Unity.ILPP.Runner.PostProcessingPipeline[0]
      running zzzUnity.Burst.CodeGen.BurstILPostProcessor
info: Microsoft.AspNetCore.Routing.EndpointMiddleware[1]
      Executed endpoint 'gRPC - /UnityILPP.PostProcessing/PostProcessAssembly'
info: Microsoft.AspNetCore.Hosting.Diagnostics[2]
      Request finished HTTP/2 POST http://ilpp/UnityILPP.PostProcessing/PostProcessAssembly - 200 - application/grpc 352.5677ms
info: Microsoft.AspNetCore.Hosting.Diagnostics[1]
      Request starting HTTP/2 POST http://ilpp/UnityILPP.PostProcessing/PostProcessAssembly - application/grpc -
info: Microsoft.AspNetCore.Routing.EndpointMiddleware[0]
      Executing endpoint 'gRPC - /UnityILPP.PostProcessing/PostProcessAssembly'
info: Unity.ILPP.Runner.PostProcessingPipeline[0]
      Processing assembly Library/Bee/artifacts/2400b0aE.dag/Unity.VisualScripting.DocCodeExamples.dll, with 134 defines and 281 references
info: Unity.ILPP.Runner.PostProcessingPipeline[0]
      processors: Unity.Jobs.CodeGen.JobsILPostProcessor, zzzUnity.Burst.CodeGen.BurstILPostProcessor
info: Unity.ILPP.Runner.PostProcessingPipeline[0]
      running Unity.Jobs.CodeGen.JobsILPostProcessor
info: Unity.ILPP.Runner.PostProcessingPipeline[0]
      running zzzUnity.Burst.CodeGen.BurstILPostProcessor
info: Microsoft.AspNetCore.Routing.EndpointMiddleware[1]
      Executed endpoint 'gRPC - /UnityILPP.PostProcessing/PostProcessAssembly'
info: Microsoft.AspNetCore.Hosting.Diagnostics[2]
      Request finished HTTP/2 POST http://ilpp/UnityILPP.PostProcessing/PostProcessAssembly - 200 - application/grpc 4.3856ms
info: Microsoft.AspNetCore.Hosting.Diagnostics[1]
      Request starting HTTP/2 POST http://ilpp/UnityILPP.PostProcessing/PostProcessAssembly - application/grpc -
info: Microsoft.AspNetCore.Routing.EndpointMiddleware[0]
      Executing endpoint 'gRPC - /UnityILPP.PostProcessing/PostProcessAssembly'
info: Unity.ILPP.Runner.PostProcessingPipeline[0]
      Processing assembly Library/Bee/artifacts/2400b0aE.dag/Unity.VisualScripting.State.dll, with 134 defines and 295 references
info: Unity.ILPP.Runner.PostProcessingPipeline[0]
      processors: Unity.Jobs.CodeGen.JobsILPostProcessor, zzzUnity.Burst.CodeGen.BurstILPostProcessor
info: Unity.ILPP.Runner.PostProcessingPipeline[0]
      running Unity.Jobs.CodeGen.JobsILPostProcessor
info: Unity.ILPP.Runner.PostProcessingPipeline[0]
      running zzzUnity.Burst.CodeGen.BurstILPostProcessor
info: Microsoft.AspNetCore.Routing.EndpointMiddleware[1]
      Executed endpoint 'gRPC - /UnityILPP.PostProcessing/PostProcessAssembly'
info: Microsoft.AspNetCore.Hosting.Diagnostics[2]
      Request finished HTTP/2 POST http://ilpp/UnityILPP.PostProcessing/PostProcessAssembly - 200 - application/grpc 1.6262ms
info: Microsoft.AspNetCore.Hosting.Diagnostics[1]
      Request starting HTTP/2 POST http://ilpp/UnityILPP.PostProcessing/PostProcessAssembly - application/grpc -
info: Microsoft.AspNetCore.Routing.EndpointMiddleware[0]
      Executing endpoint 'gRPC - /UnityILPP.PostProcessing/PostProcessAssembly'
info: Unity.ILPP.Runner.PostProcessingPipeline[0]
      Processing assembly Library/Bee/artifacts/2400b0aE.dag/Unity.PathTracing.Runtime.dll, with 135 defines and 297 references
info: Unity.ILPP.Runner.PostProcessingPipeline[0]
      processors: Unity.Jobs.CodeGen.JobsILPostProcessor, zzzUnity.Burst.CodeGen.BurstILPostProcessor
info: Unity.ILPP.Runner.PostProcessingPipeline[0]
      running Unity.Jobs.CodeGen.JobsILPostProcessor
info: Unity.ILPP.Runner.PostProcessingPipeline[0]
      running zzzUnity.Burst.CodeGen.BurstILPostProcessor
info: Microsoft.AspNetCore.Routing.EndpointMiddleware[1]
      Executed endpoint 'gRPC - /UnityILPP.PostProcessing/PostProcessAssembly'
info: Microsoft.AspNetCore.Hosting.Diagnostics[2]
      Request finished HTTP/2 POST http://ilpp/UnityILPP.PostProcessing/PostProcessAssembly - 200 - application/grpc 140.4248ms
info: Microsoft.AspNetCore.Hosting.Diagnostics[1]
      Request starting HTTP/2 POST http://ilpp/UnityILPP.PostProcessing/PostProcessAssembly - application/grpc -
info: Microsoft.AspNetCore.Routing.EndpointMiddleware[0]
      Executing endpoint 'gRPC - /UnityILPP.PostProcessing/PostProcessAssembly'
info: Unity.ILPP.Runner.PostProcessingPipeline[0]
      Processing assembly Library/Bee/artifacts/2400b0aE.dag/Unity.VisualScripting.Core.Editor.dll, with 132 defines and 305 references
info: Unity.ILPP.Runner.PostProcessingPipeline[0]
      processors: Unity.Jobs.CodeGen.JobsILPostProcessor, zzzUnity.Burst.CodeGen.BurstILPostProcessor
info: Unity.ILPP.Runner.PostProcessingPipeline[0]
      running Unity.Jobs.CodeGen.JobsILPostProcessor
info: Unity.ILPP.Runner.PostProcessingPipeline[0]
      running zzzUnity.Burst.CodeGen.BurstILPostProcessor
info: Microsoft.AspNetCore.Routing.EndpointMiddleware[1]
      Executed endpoint 'gRPC - /UnityILPP.PostProcessing/PostProcessAssembly'
info: Microsoft.AspNetCore.Hosting.Diagnostics[2]
      Request finished HTTP/2 POST http://ilpp/UnityILPP.PostProcessing/PostProcessAssembly - 200 - application/grpc 5.2043ms
info: Microsoft.AspNetCore.Hosting.Diagnostics[1]
      Request starting HTTP/2 POST http://ilpp/UnityILPP.PostProcessing/PostProcessAssembly - application/grpc -
info: Microsoft.AspNetCore.Routing.EndpointMiddleware[0]
      Executing endpoint 'gRPC - /UnityILPP.PostProcessing/PostProcessAssembly'
info: Unity.ILPP.Runner.PostProcessingPipeline[0]
      Processing assembly Library/Bee/artifacts/2400b0aE.dag/Unity.SurfaceCache.Runtime.dll, with 134 defines and 297 references
info: Unity.ILPP.Runner.PostProcessingPipeline[0]
      processors: Unity.Jobs.CodeGen.JobsILPostProcessor, zzzUnity.Burst.CodeGen.BurstILPostProcessor
info: Unity.ILPP.Runner.PostProcessingPipeline[0]
      running Unity.Jobs.CodeGen.JobsILPostProcessor
info: Unity.ILPP.Runner.PostProcessingPipeline[0]
      running zzzUnity.Burst.CodeGen.BurstILPostProcessor
info: Microsoft.AspNetCore.Routing.EndpointMiddleware[1]
      Executed endpoint 'gRPC - /UnityILPP.PostProcessing/PostProcessAssembly'
info: Microsoft.AspNetCore.Hosting.Diagnostics[2]
      Request finished HTTP/2 POST http://ilpp/UnityILPP.PostProcessing/PostProcessAssembly - 200 - application/grpc 1.4793ms
info: Microsoft.AspNetCore.Hosting.Diagnostics[1]
      Request starting HTTP/2 POST http://ilpp/UnityILPP.PostProcessing/PostProcessAssembly - application/grpc -
info: Microsoft.AspNetCore.Routing.EndpointMiddleware[0]
      Executing endpoint 'gRPC - /UnityILPP.PostProcessing/PostProcessAssembly'
info: Unity.ILPP.Runner.PostProcessingPipeline[0]
      Processing assembly Library/Bee/artifacts/2400b0aE.dag/Unity.RenderPipelines.GPUDriven.Runtime.dll, with 134 defines and 297 references
info: Unity.ILPP.Runner.PostProcessingPipeline[0]
      processors: Unity.Jobs.CodeGen.JobsILPostProcessor, zzzUnity.Burst.CodeGen.BurstILPostProcessor
info: Unity.ILPP.Runner.PostProcessingPipeline[0]
      running Unity.Jobs.CodeGen.JobsILPostProcessor
info: Unity.ILPP.Runner.PostProcessingPipeline[0]
      running zzzUnity.Burst.CodeGen.BurstILPostProcessor
info: Microsoft.AspNetCore.Routing.EndpointMiddleware[1]
      Executed endpoint 'gRPC - /UnityILPP.PostProcessing/PostProcessAssembly'
info: Microsoft.AspNetCore.Hosting.Diagnostics[2]
      Request finished HTTP/2 POST http://ilpp/UnityILPP.PostProcessing/PostProcessAssembly - 200 - application/grpc 1292.8805ms
info: Microsoft.AspNetCore.Hosting.Diagnostics[1]
      Request starting HTTP/2 POST http://ilpp/UnityILPP.PostProcessing/PostProcessAssembly - application/grpc -
info: Microsoft.AspNetCore.Routing.EndpointMiddleware[0]
      Executing endpoint 'gRPC - /UnityILPP.PostProcessing/PostProcessAssembly'
info: Unity.ILPP.Runner.PostProcessingPipeline[0]
      Processing assembly Library/Bee/artifacts/2400b0aE.dag/Unity.TextMeshPro.Editor.dll, with 132 defines and 306 references
info: Unity.ILPP.Runner.PostProcessingPipeline[0]
      processors: Unity.Jobs.CodeGen.JobsILPostProcessor, zzzUnity.Burst.CodeGen.BurstILPostProcessor
info: Unity.ILPP.Runner.PostProcessingPipeline[0]
      running Unity.Jobs.CodeGen.JobsILPostProcessor
info: Unity.ILPP.Runner.PostProcessingPipeline[0]
      running zzzUnity.Burst.CodeGen.BurstILPostProcessor
info: Microsoft.AspNetCore.Routing.EndpointMiddleware[1]
      Executed endpoint 'gRPC - /UnityILPP.PostProcessing/PostProcessAssembly'
info: Microsoft.AspNetCore.Hosting.Diagnostics[2]
      Request finished HTTP/2 POST http://ilpp/UnityILPP.PostProcessing/PostProcessAssembly - 200 - application/grpc 2.5082ms
info: Microsoft.AspNetCore.Hosting.Diagnostics[1]
      Request starting HTTP/2 POST http://ilpp/UnityILPP.PostProcessing/PostProcessAssembly - application/grpc -
info: Microsoft.AspNetCore.Routing.EndpointMiddleware[0]
      Executing endpoint 'gRPC - /UnityILPP.PostProcessing/PostProcessAssembly'
info: Unity.ILPP.Runner.PostProcessingPipeline[0]
      Processing assembly Library/Bee/artifacts/2400b0aE.dag/Unity.PathTracing.Editor.dll, with 133 defines and 308 references
info: Unity.ILPP.Runner.PostProcessingPipeline[0]
      processors: Unity.Jobs.CodeGen.JobsILPostProcessor, zzzUnity.Burst.CodeGen.BurstILPostProcessor
info: Unity.ILPP.Runner.PostProcessingPipeline[0]
      running Unity.Jobs.CodeGen.JobsILPostProcessor
info: Unity.ILPP.Runner.PostProcessingPipeline[0]
      running zzzUnity.Burst.CodeGen.BurstILPostProcessor
info: Microsoft.AspNetCore.Routing.EndpointMiddleware[1]
      Executed endpoint 'gRPC - /UnityILPP.PostProcessing/PostProcessAssembly'
info: Microsoft.AspNetCore.Hosting.Diagnostics[2]
      Request finished HTTP/2 POST http://ilpp/UnityILPP.PostProcessing/PostProcessAssembly - 200 - application/grpc 2.2313ms
info: Microsoft.AspNetCore.Hosting.Diagnostics[1]
      Request starting HTTP/2 POST http://ilpp/UnityILPP.PostProcessing/PostProcessAssembly - application/grpc -
info: Microsoft.AspNetCore.Routing.EndpointMiddleware[0]
      Executing endpoint 'gRPC - /UnityILPP.PostProcessing/PostProcessAssembly'
info: Unity.ILPP.Runner.PostProcessingPipeline[0]
      Processing assembly Library/Bee/artifacts/2400b0aE.dag/Unity.VisualScripting.Flow.Editor.dll, with 134 defines and 308 references
info: Unity.ILPP.Runner.PostProcessingPipeline[0]
      processors: Unity.Jobs.CodeGen.JobsILPostProcessor, zzzUnity.Burst.CodeGen.BurstILPostProcessor
info: Unity.ILPP.Runner.PostProcessingPipeline[0]
      running Unity.Jobs.CodeGen.JobsILPostProcessor
info: Unity.ILPP.Runner.PostProcessingPipeline[0]
      running zzzUnity.Burst.CodeGen.BurstILPostProcessor
info: Microsoft.AspNetCore.Routing.EndpointMiddleware[1]
      Executed endpoint 'gRPC - /UnityILPP.PostProcessing/PostProcessAssembly'
info: Microsoft.AspNetCore.Hosting.Diagnostics[2]
      Request finished HTTP/2 POST http://ilpp/UnityILPP.PostProcessing/PostProcessAssembly - 200 - application/grpc 1.4290ms
info: Microsoft.AspNetCore.Hosting.Diagnostics[1]
      Request starting HTTP/2 POST http://ilpp/UnityILPP.PostProcessing/PostProcessAssembly - application/grpc -
info: Microsoft.AspNetCore.Routing.EndpointMiddleware[0]
      Executing endpoint 'gRPC - /UnityILPP.PostProcessing/PostProcessAssembly'
info: Unity.ILPP.Runner.PostProcessingPipeline[0]
      Processing assembly Library/Bee/artifacts/2400b0aE.dag/Unity.VisualScripting.SettingsProvider.Editor.dll, with 132 defines and 309 references
info: Unity.ILPP.Runner.PostProcessingPipeline[0]
      processors: Unity.Jobs.CodeGen.JobsILPostProcessor, zzzUnity.Burst.CodeGen.BurstILPostProcessor
info: Unity.ILPP.Runner.PostProcessingPipeline[0]
      running Unity.Jobs.CodeGen.JobsILPostProcessor
info: Unity.ILPP.Runner.PostProcessingPipeline[0]
      running zzzUnity.Burst.CodeGen.BurstILPostProcessor
info: Microsoft.AspNetCore.Routing.EndpointMiddleware[1]
      Executed endpoint 'gRPC - /UnityILPP.PostProcessing/PostProcessAssembly'
info: Microsoft.AspNetCore.Hosting.Diagnostics[2]
      Request finished HTTP/2 POST http://ilpp/UnityILPP.PostProcessing/PostProcessAssembly - 200 - application/grpc 1.4046ms
info: Microsoft.AspNetCore.Hosting.Diagnostics[1]
      Request starting HTTP/2 POST http://ilpp/UnityILPP.PostProcessing/PostProcessAssembly - application/grpc -
info: Microsoft.AspNetCore.Routing.EndpointMiddleware[0]
      Executing endpoint 'gRPC - /UnityILPP.PostProcessing/PostProcessAssembly'
info: Unity.ILPP.Runner.PostProcessingPipeline[0]
      Processing assembly Library/Bee/artifacts/2400b0aE.dag/Unity.VisualScripting.State.Editor.dll, with 132 defines and 309 references
info: Unity.ILPP.Runner.PostProcessingPipeline[0]
      processors: Unity.Jobs.CodeGen.JobsILPostProcessor, zzzUnity.Burst.CodeGen.BurstILPostProcessor
info: Unity.ILPP.Runner.PostProcessingPipeline[0]
      running Unity.Jobs.CodeGen.JobsILPostProcessor
info: Unity.ILPP.Runner.PostProcessingPipeline[0]
      running zzzUnity.Burst.CodeGen.BurstILPostProcessor
info: Microsoft.AspNetCore.Routing.EndpointMiddleware[1]
      Executed endpoint 'gRPC - /UnityILPP.PostProcessing/PostProcessAssembly'
info: Microsoft.AspNetCore.Hosting.Diagnostics[2]
      Request finished HTTP/2 POST http://ilpp/UnityILPP.PostProcessing/PostProcessAssembly - 200 - application/grpc 1.2552ms
info: Microsoft.AspNetCore.Hosting.Diagnostics[1]
      Request starting HTTP/2 POST http://ilpp/UnityILPP.PostProcessing/PostProcessAssembly - application/grpc -
info: Microsoft.AspNetCore.Routing.EndpointMiddleware[0]
      Executing endpoint 'gRPC - /UnityILPP.PostProcessing/PostProcessAssembly'
info: Unity.ILPP.Runner.PostProcessingPipeline[0]
      Processing assembly Library/Bee/artifacts/2400b0aE.dag/Unity.VisualScripting.Shared.Editor.dll, with 132 defines and 310 references
info: Unity.ILPP.Runner.PostProcessingPipeline[0]
      processors: Unity.Jobs.CodeGen.JobsILPostProcessor, zzzUnity.Burst.CodeGen.BurstILPostProcessor
info: Unity.ILPP.Runner.PostProcessingPipeline[0]
      running Unity.Jobs.CodeGen.JobsILPostProcessor
info: Unity.ILPP.Runner.PostProcessingPipeline[0]
      running zzzUnity.Burst.CodeGen.BurstILPostProcessor
info: Microsoft.AspNetCore.Routing.EndpointMiddleware[1]
      Executed endpoint 'gRPC - /UnityILPP.PostProcessing/PostProcessAssembly'
info: Microsoft.AspNetCore.Hosting.Diagnostics[2]
      Request finished HTTP/2 POST http://ilpp/UnityILPP.PostProcessing/PostProcessAssembly - 200 - application/grpc 1.4935ms
info: Microsoft.AspNetCore.Hosting.Diagnostics[1]
      Request starting HTTP/2 POST http://ilpp/UnityILPP.PostProcessing/PostProcessAssembly - application/grpc -
info: Microsoft.AspNetCore.Routing.EndpointMiddleware[0]
      Executing endpoint 'gRPC - /UnityILPP.PostProcessing/PostProcessAssembly'
info: Unity.ILPP.Runner.PostProcessingPipeline[0]
      Processing assembly Library/Bee/artifacts/2400b0aE.dag/Unity.RenderPipelines.Universal.Runtime.dll, with 141 defines and 303 references
info: Unity.ILPP.Runner.PostProcessingPipeline[0]
      processors: Unity.Jobs.CodeGen.JobsILPostProcessor, zzzUnity.Burst.CodeGen.BurstILPostProcessor
info: Unity.ILPP.Runner.PostProcessingPipeline[0]
      running Unity.Jobs.CodeGen.JobsILPostProcessor
info: Unity.ILPP.Runner.PostProcessingPipeline[0]
      running zzzUnity.Burst.CodeGen.BurstILPostProcessor
info: Microsoft.AspNetCore.Routing.EndpointMiddleware[1]
      Executed endpoint 'gRPC - /UnityILPP.PostProcessing/PostProcessAssembly'
info: Microsoft.AspNetCore.Hosting.Diagnostics[2]
      Request finished HTTP/2 POST http://ilpp/UnityILPP.PostProcessing/PostProcessAssembly - 200 - application/grpc 128.1127ms
info: Microsoft.AspNetCore.Hosting.Diagnostics[1]
      Request starting HTTP/2 POST http://ilpp/UnityILPP.PostProcessing/PostProcessAssembly - application/grpc -
info: Microsoft.AspNetCore.Routing.EndpointMiddleware[0]
      Executing endpoint 'gRPC - /UnityILPP.PostProcessing/PostProcessAssembly'
info: Unity.ILPP.Runner.PostProcessingPipeline[0]
      Processing assembly Library/Bee/artifacts/2400b0aE.dag/Unity.RenderPipelines.Core.Editor.dll, with 135 defines and 313 references
info: Unity.ILPP.Runner.PostProcessingPipeline[0]
      processors: Unity.Jobs.CodeGen.JobsILPostProcessor, zzzUnity.Burst.CodeGen.BurstILPostProcessor
info: Unity.ILPP.Runner.PostProcessingPipeline[0]
      running Unity.Jobs.CodeGen.JobsILPostProcessor
info: Unity.ILPP.Runner.PostProcessingPipeline[0]
      running zzzUnity.Burst.CodeGen.BurstILPostProcessor
info: Microsoft.AspNetCore.Routing.EndpointMiddleware[1]
      Executed endpoint 'gRPC - /UnityILPP.PostProcessing/PostProcessAssembly'
info: Microsoft.AspNetCore.Hosting.Diagnostics[2]
      Request finished HTTP/2 POST http://ilpp/UnityILPP.PostProcessing/PostProcessAssembly - 200 - application/grpc 466.5995ms
info: Microsoft.AspNetCore.Hosting.Diagnostics[1]
      Request starting HTTP/2 POST http://ilpp/UnityILPP.PostProcessing/PostProcessAssembly - application/grpc -
info: Microsoft.AspNetCore.Routing.EndpointMiddleware[0]
      Executing endpoint 'gRPC - /UnityILPP.PostProcessing/PostProcessAssembly'
info: Unity.ILPP.Runner.PostProcessingPipeline[0]
      Processing assembly Library/Bee/artifacts/2400b0aE.dag/Unity.2D.Animation.Runtime.dll, with 136 defines and 299 references
info: Unity.ILPP.Runner.PostProcessingPipeline[0]
      processors: Unity.Jobs.CodeGen.JobsILPostProcessor, zzzUnity.Burst.CodeGen.BurstILPostProcessor
info: Unity.ILPP.Runner.PostProcessingPipeline[0]
      running Unity.Jobs.CodeGen.JobsILPostProcessor
info: Unity.ILPP.Runner.PostProcessingPipeline[0]
      running zzzUnity.Burst.CodeGen.BurstILPostProcessor
info: Microsoft.AspNetCore.Routing.EndpointMiddleware[1]
      Executed endpoint 'gRPC - /UnityILPP.PostProcessing/PostProcessAssembly'
info: Microsoft.AspNetCore.Hosting.Diagnostics[2]
      Request finished HTTP/2 POST http://ilpp/UnityILPP.PostProcessing/PostProcessAssembly - 200 - application/grpc 352.8993ms
info: Microsoft.AspNetCore.Hosting.Diagnostics[1]
      Request starting HTTP/2 POST http://ilpp/UnityILPP.PostProcessing/PostProcessAssembly - application/grpc -
info: Microsoft.AspNetCore.Routing.EndpointMiddleware[0]
      Executing endpoint 'gRPC - /UnityILPP.PostProcessing/PostProcessAssembly'
info: Unity.ILPP.Runner.PostProcessingPipeline[0]
      Processing assembly Library/Bee/artifacts/2400b0aE.dag/Unity.2D.IK.Runtime.dll, with 134 defines and 297 references
info: Unity.ILPP.Runner.PostProcessingPipeline[0]
      processors: Unity.Jobs.CodeGen.JobsILPostProcessor, zzzUnity.Burst.CodeGen.BurstILPostProcessor
info: Unity.ILPP.Runner.PostProcessingPipeline[0]
      running Unity.Jobs.CodeGen.JobsILPostProcessor
info: Unity.ILPP.Runner.PostProcessingPipeline[0]
      running zzzUnity.Burst.CodeGen.BurstILPostProcessor
info: Microsoft.AspNetCore.Routing.EndpointMiddleware[1]
      Executed endpoint 'gRPC - /UnityILPP.PostProcessing/PostProcessAssembly'
info: Microsoft.AspNetCore.Hosting.Diagnostics[2]
      Request finished HTTP/2 POST http://ilpp/UnityILPP.PostProcessing/PostProcessAssembly - 200 - application/grpc 68.1279ms
info: Microsoft.AspNetCore.Hosting.Diagnostics[1]
      Request starting HTTP/2 POST http://ilpp/UnityILPP.PostProcessing/PostProcessAssembly - application/grpc -
info: Microsoft.AspNetCore.Routing.EndpointMiddleware[0]
      Executing endpoint 'gRPC - /UnityILPP.PostProcessing/PostProcessAssembly'
info: Unity.ILPP.Runner.PostProcessingPipeline[0]
      Processing assembly Library/Bee/artifacts/2400b0aE.dag/Unity.RenderPipelines.Core.Editor.Shared.dll, with 132 defines and 311 references
info: Unity.ILPP.Runner.PostProcessingPipeline[0]
      processors: Unity.Jobs.CodeGen.JobsILPostProcessor, zzzUnity.Burst.CodeGen.BurstILPostProcessor
info: Unity.ILPP.Runner.PostProcessingPipeline[0]
      running Unity.Jobs.CodeGen.JobsILPostProcessor
info: Unity.ILPP.Runner.PostProcessingPipeline[0]
      running zzzUnity.Burst.CodeGen.BurstILPostProcessor
info: Microsoft.AspNetCore.Routing.EndpointMiddleware[1]
      Executed endpoint 'gRPC - /UnityILPP.PostProcessing/PostProcessAssembly'
info: Microsoft.AspNetCore.Hosting.Diagnostics[2]
      Request finished HTTP/2 POST http://ilpp/UnityILPP.PostProcessing/PostProcessAssembly - 200 - application/grpc 3.2822ms
info: Microsoft.AspNetCore.Hosting.Diagnostics[1]
      Request starting HTTP/2 POST http://ilpp/UnityILPP.PostProcessing/PostProcessAssembly - application/grpc -
info: Microsoft.AspNetCore.Routing.EndpointMiddleware[0]
      Executing endpoint 'gRPC - /UnityILPP.PostProcessing/PostProcessAssembly'
info: Unity.ILPP.Runner.PostProcessingPipeline[0]
      Processing assembly Library/Bee/artifacts/2400b0aE.dag/Unity.RenderPipelines.Universal.2D.Runtime.dll, with 140 defines and 301 references
info: Unity.ILPP.Runner.PostProcessingPipeline[0]
      processors: Unity.Jobs.CodeGen.JobsILPostProcessor, zzzUnity.Burst.CodeGen.BurstILPostProcessor
info: Unity.ILPP.Runner.PostProcessingPipeline[0]
      running Unity.Jobs.CodeGen.JobsILPostProcessor
info: Unity.ILPP.Runner.PostProcessingPipeline[0]
      running zzzUnity.Burst.CodeGen.BurstILPostProcessor
info: Microsoft.AspNetCore.Routing.EndpointMiddleware[1]
      Executed endpoint 'gRPC - /UnityILPP.PostProcessing/PostProcessAssembly'
info: Microsoft.AspNetCore.Hosting.Diagnostics[2]
      Request finished HTTP/2 POST http://ilpp/UnityILPP.PostProcessing/PostProcessAssembly - 200 - application/grpc 271.5777ms
info: Microsoft.AspNetCore.Hosting.Diagnostics[1]
      Request starting HTTP/2 POST http://ilpp/UnityILPP.PostProcessing/PostProcessAssembly - application/grpc -
info: Microsoft.AspNetCore.Routing.EndpointMiddleware[0]
      Executing endpoint 'gRPC - /UnityILPP.PostProcessing/PostProcessAssembly'
info: Unity.ILPP.Runner.PostProcessingPipeline[0]
      Processing assembly Library/Bee/artifacts/2400b0aE.dag/Unity.2D.Aseprite.Editor.dll, with 134 defines and 314 references
info: Unity.ILPP.Runner.PostProcessingPipeline[0]
      processors: Unity.Jobs.CodeGen.JobsILPostProcessor, zzzUnity.Burst.CodeGen.BurstILPostProcessor
info: Unity.ILPP.Runner.PostProcessingPipeline[0]
      running Unity.Jobs.CodeGen.JobsILPostProcessor
info: Unity.ILPP.Runner.PostProcessingPipeline[0]
      running zzzUnity.Burst.CodeGen.BurstILPostProcessor
info: Microsoft.AspNetCore.Routing.EndpointMiddleware[1]
      Executed endpoint 'gRPC - /UnityILPP.PostProcessing/PostProcessAssembly'
info: Microsoft.AspNetCore.Hosting.Diagnostics[2]
      Request finished HTTP/2 POST http://ilpp/UnityILPP.PostProcessing/PostProcessAssembly - 200 - application/grpc 193.1440ms
info: Microsoft.AspNetCore.Hosting.Diagnostics[1]
      Request starting HTTP/2 POST http://ilpp/UnityILPP.PostProcessing/PostProcessAssembly - application/grpc -
info: Microsoft.AspNetCore.Routing.EndpointMiddleware[0]
      Executing endpoint 'gRPC - /UnityILPP.PostProcessing/PostProcessAssembly'
info: Unity.ILPP.Runner.PostProcessingPipeline[0]
      Processing assembly Library/Bee/artifacts/2400b0aE.dag/Unity.2D.Animation.Editor.dll, with 134 defines and 314 references
info: Unity.ILPP.Runner.PostProcessingPipeline[0]
      processors: Unity.Jobs.CodeGen.JobsILPostProcessor, zzzUnity.Burst.CodeGen.BurstILPostProcessor
info: Unity.ILPP.Runner.PostProcessingPipeline[0]
      running Unity.Jobs.CodeGen.JobsILPostProcessor
info: Unity.ILPP.Runner.PostProcessingPipeline[0]
      running zzzUnity.Burst.CodeGen.BurstILPostProcessor
info: Microsoft.AspNetCore.Routing.EndpointMiddleware[1]
      Executed endpoint 'gRPC - /UnityILPP.PostProcessing/PostProcessAssembly'
info: Microsoft.AspNetCore.Hosting.Diagnostics[2]
      Request finished HTTP/2 POST http://ilpp/UnityILPP.PostProcessing/PostProcessAssembly - 200 - application/grpc 2837.8811ms
info: Microsoft.AspNetCore.Hosting.Diagnostics[1]
      Request starting HTTP/2 POST http://ilpp/UnityILPP.PostProcessing/PostProcessAssembly - application/grpc -
info: Microsoft.AspNetCore.Routing.EndpointMiddleware[0]
      Executing endpoint 'gRPC - /UnityILPP.PostProcessing/PostProcessAssembly'
info: Unity.ILPP.Runner.PostProcessingPipeline[0]
      Processing assembly Library/Bee/artifacts/2400b0aE.dag/Unity.2D.IK.Editor.dll, with 132 defines and 311 references
info: Unity.ILPP.Runner.PostProcessingPipeline[0]
      processors: Unity.Jobs.CodeGen.JobsILPostProcessor, zzzUnity.Burst.CodeGen.BurstILPostProcessor
info: Unity.ILPP.Runner.PostProcessingPipeline[0]
      running Unity.Jobs.CodeGen.JobsILPostProcessor
info: Unity.ILPP.Runner.PostProcessingPipeline[0]
      running zzzUnity.Burst.CodeGen.BurstILPostProcessor
info: Microsoft.AspNetCore.Routing.EndpointMiddleware[1]
      Executed endpoint 'gRPC - /UnityILPP.PostProcessing/PostProcessAssembly'
info: Microsoft.AspNetCore.Hosting.Diagnostics[2]
      Request finished HTTP/2 POST http://ilpp/UnityILPP.PostProcessing/PostProcessAssembly - 200 - application/grpc 1.3968ms
info: Microsoft.AspNetCore.Hosting.Diagnostics[1]
      Request starting HTTP/2 POST http://ilpp/UnityILPP.PostProcessing/PostProcessAssembly - application/grpc -
info: Microsoft.AspNetCore.Routing.EndpointMiddleware[0]
      Executing endpoint 'gRPC - /UnityILPP.PostProcessing/PostProcessAssembly'
info: Unity.ILPP.Runner.PostProcessingPipeline[0]
      Processing assembly Library/Bee/artifacts/2400b0aE.dag/Unity.2D.Psdimporter.Editor.dll, with 134 defines and 314 references
info: Unity.ILPP.Runner.PostProcessingPipeline[0]
      processors: Unity.Jobs.CodeGen.JobsILPostProcessor, zzzUnity.Burst.CodeGen.BurstILPostProcessor
info: Unity.ILPP.Runner.PostProcessingPipeline[0]
      running Unity.Jobs.CodeGen.JobsILPostProcessor
info: Unity.ILPP.Runner.PostProcessingPipeline[0]
      running zzzUnity.Burst.CodeGen.BurstILPostProcessor
info: Microsoft.AspNetCore.Routing.EndpointMiddleware[1]
      Executed endpoint 'gRPC - /UnityILPP.PostProcessing/PostProcessAssembly'
info: Microsoft.AspNetCore.Hosting.Diagnostics[2]
      Request finished HTTP/2 POST http://ilpp/UnityILPP.PostProcessing/PostProcessAssembly - 200 - application/grpc 49.2567ms
info: Microsoft.AspNetCore.Hosting.Diagnostics[1]
      Request starting HTTP/2 POST http://ilpp/UnityILPP.PostProcessing/PostProcessAssembly - application/grpc -
info: Microsoft.AspNetCore.Routing.EndpointMiddleware[0]
      Executing endpoint 'gRPC - /UnityILPP.PostProcessing/PostProcessAssembly'
info: Unity.ILPP.Runner.PostProcessingPipeline[0]
      Processing assembly Library/Bee/artifacts/2400b0aE.dag/Unity.ShaderGraph.Editor.dll, with 132 defines and 309 references
info: Unity.ILPP.Runner.PostProcessingPipeline[0]
      processors: Unity.Jobs.CodeGen.JobsILPostProcessor, zzzUnity.Burst.CodeGen.BurstILPostProcessor
info: Unity.ILPP.Runner.PostProcessingPipeline[0]
      running Unity.Jobs.CodeGen.JobsILPostProcessor
info: Unity.ILPP.Runner.PostProcessingPipeline[0]
      running zzzUnity.Burst.CodeGen.BurstILPostProcessor
info: Microsoft.AspNetCore.Routing.EndpointMiddleware[1]
      Executed endpoint 'gRPC - /UnityILPP.PostProcessing/PostProcessAssembly'
info: Microsoft.AspNetCore.Hosting.Diagnostics[2]
      Request finished HTTP/2 POST http://ilpp/UnityILPP.PostProcessing/PostProcessAssembly - 200 - application/grpc 12.9540ms
info: Microsoft.AspNetCore.Hosting.Diagnostics[1]
      Request starting HTTP/2 POST http://ilpp/UnityILPP.PostProcessing/PostProcessAssembly - application/grpc -
info: Microsoft.AspNetCore.Routing.EndpointMiddleware[0]
      Executing endpoint 'gRPC - /UnityILPP.PostProcessing/PostProcessAssembly'
info: Unity.ILPP.Runner.PostProcessingPipeline[0]
      Processing assembly Library/Bee/artifacts/2400b0aE.dag/Unity.RenderPipelines.Universal.2D.Editor.Overrides.dll, with 134 defines and 314 references
info: Unity.ILPP.Runner.PostProcessingPipeline[0]
      processors: Unity.Jobs.CodeGen.JobsILPostProcessor, zzzUnity.Burst.CodeGen.BurstILPostProcessor
info: Unity.ILPP.Runner.PostProcessingPipeline[0]
      running Unity.Jobs.CodeGen.JobsILPostProcessor
info: Unity.ILPP.Runner.PostProcessingPipeline[0]
      running zzzUnity.Burst.CodeGen.BurstILPostProcessor
info: Microsoft.AspNetCore.Routing.EndpointMiddleware[1]
      Executed endpoint 'gRPC - /UnityILPP.PostProcessing/PostProcessAssembly'
info: Microsoft.AspNetCore.Hosting.Diagnostics[2]
      Request finished HTTP/2 POST http://ilpp/UnityILPP.PostProcessing/PostProcessAssembly - 200 - application/grpc 1.6535ms
info: Microsoft.AspNetCore.Hosting.Diagnostics[1]
      Request starting HTTP/2 POST http://ilpp/UnityILPP.PostProcessing/PostProcessAssembly - application/grpc -
info: Microsoft.AspNetCore.Routing.EndpointMiddleware[0]
      Executing endpoint 'gRPC - /UnityILPP.PostProcessing/PostProcessAssembly'
info: Unity.ILPP.Runner.PostProcessingPipeline[0]
      Processing assembly Library/Bee/artifacts/2400b0aE.dag/Unity.RenderPipelines.Universal.Editor.dll, with 136 defines and 319 references
info: Unity.ILPP.Runner.PostProcessingPipeline[0]
      processors: Unity.Jobs.CodeGen.JobsILPostProcessor, zzzUnity.Burst.CodeGen.BurstILPostProcessor
info: Unity.ILPP.Runner.PostProcessingPipeline[0]
      running Unity.Jobs.CodeGen.JobsILPostProcessor
info: Unity.ILPP.Runner.PostProcessingPipeline[0]
      running zzzUnity.Burst.CodeGen.BurstILPostProcessor
info: Microsoft.AspNetCore.Routing.EndpointMiddleware[1]
      Executed endpoint 'gRPC - /UnityILPP.PostProcessing/PostProcessAssembly'
info: Microsoft.AspNetCore.Hosting.Diagnostics[2]
      Request finished HTTP/2 POST http://ilpp/UnityILPP.PostProcessing/PostProcessAssembly - 200 - application/grpc 3.2977ms
info: Microsoft.AspNetCore.Hosting.Diagnostics[1]
      Request starting HTTP/2 POST http://ilpp/UnityILPP.PostProcessing/PostProcessAssembly - application/grpc -
info: Microsoft.AspNetCore.Routing.EndpointMiddleware[0]
      Executing endpoint 'gRPC - /UnityILPP.PostProcessing/PostProcessAssembly'
info: Unity.ILPP.Runner.PostProcessingPipeline[0]
      Processing assembly Library/Bee/artifacts/2400b0aE.dag/Assembly-CSharp.dll, with 134 defines and 353 references
info: Unity.ILPP.Runner.PostProcessingPipeline[0]
      processors: Unity.Jobs.CodeGen.JobsILPostProcessor, zzzUnity.Burst.CodeGen.BurstILPostProcessor
info: Unity.ILPP.Runner.PostProcessingPipeline[0]
      running Unity.Jobs.CodeGen.JobsILPostProcessor
info: Unity.ILPP.Runner.PostProcessingPipeline[0]
      running zzzUnity.Burst.CodeGen.BurstILPostProcessor
info: Microsoft.AspNetCore.Routing.EndpointMiddleware[1]
      Executed endpoint 'gRPC - /UnityILPP.PostProcessing/PostProcessAssembly'
info: Microsoft.AspNetCore.Hosting.Diagnostics[2]
      Request finished HTTP/2 POST http://ilpp/UnityILPP.PostProcessing/PostProcessAssembly - 200 - application/grpc 17.4968ms
ExitCode: 0 Duration: 1m:32s
Finished compiling graph: 1041 nodes, 22007 flattened edges (18287 ToBuild, 178 ToUse), maximum node priority 1259
[ 178/1038  0s] WriteText Library/Bee/artifacts/2400b0aE.dag/UnityEngine.UI.rsp
[ 182/1038  0s] WriteText Library/Bee/artifacts/2400b0aE.dag/UnityEditor.UI.rsp
[ 183/1038  0s] WriteText Library/Bee/artifacts/2400b0aE.dag/UnityEngine.TestRunner.rsp
[ 187/1038  0s] WriteText Library/Bee/artifacts/2400b0aE.dag/Unity.Mathematics.rsp
[ 195/1038  0s] WriteText Library/Bee/artifacts/2400b0aE.dag/UnityEditor.TestRunner.rsp
[ 196/1038  0s] WriteText Library/Bee/artifacts/2400b0aE.dag/Unity.Collections.rsp
[ 203/1038  0s] WriteText Library/Bee/artifacts/2400b0aE.dag/Unity.Burst.rsp
[ 210/1038  0s] WriteText Library/Bee/artifacts/2400b0aE.dag/Unity.UnifiedRayTracing.Runtime.rsp
[ 211/1038  0s] WriteText Library/Bee/artifacts/2400b0aE.dag/Unity.InputSystem.rsp
[ 213/1038  0s] WriteText Library/Bee/artifacts/2400b0aE.dag/Unity.Burst.CodeGen.rsp
[ 218/1038  0s] WriteText Library/Bee/artifacts/2400b0aE.dag/Unity.RenderPipelines.Core.Runtime.rsp
[ 240/1038  0s] WriteText Library/Bee/artifacts/2400b0aE.dag/Unity.Collections.CodeGen.rsp
[ 241/1038  0s] WriteText Library/Bee/artifacts/2400b0aE.dag/Unity.InternalAPIEngineBridge.RenderPipelines.Core.Runtime.Shared.rsp
[ 242/1038  0s] WriteText Library/Bee/artifacts/2400b0aE.dag/Unity.RenderPipelines.GPUDriven.Runtime.rsp
[ 243/1038  0s] WriteText Library/Bee/artifacts/2400b0aE.dag/Unity.PathTracing.Runtime.rsp
[ 250/1038  0s] WriteText Library/Bee/artifacts/2400b0aE.dag/Unity.RenderPipelines.Core.Runtime.Shared.rsp
[ 252/1038  0s] WriteText Library/Bee/artifacts/2400b0aE.dag/Unity.SurfaceCache.Runtime.rsp
[ 254/1038  0s] WriteText Library/Bee/artifacts/2400b0aE.dag/Unity.RenderPipelines.Universal.Config.Runtime.rsp
[ 255/1038  0s] WriteText Library/Bee/artifacts/2400b0aE.dag/Unity.2D.Common.Runtime.rsp
[ 256/1038  0s] WriteText Library/Bee/artifacts/2400b0aE.dag/Unity.VisualScripting.Core.rsp
[ 257/1038  0s] WriteText Library/Bee/artifacts/2400b0aE.dag/Unity.InternalAPIEngineBridge.001.rsp
[ 259/1038  0s] WriteText Library/Bee/artifacts/2400b0aE.dag/Unity.RenderPipeline.Universal.ShaderLibrary.rsp
[ 272/1038  0s] WriteText Library/Bee/artifacts/2400b0aE.dag/Unity.2D.Sprite.Editor.rsp
[ 277/1038  0s] WriteText Library/Bee/artifacts/2400b0aE.dag/Unity.RenderPipelines.Universal.Runtime.rsp
[ 288/1038  0s] WriteText Library/Bee/artifacts/2400b0aE.dag/Unity.PathTracing.Editor.rsp
[ 294/1038  0s] WriteText Library/Bee/artifacts/2400b0aE.dag/Unity.InternalAPIEngineBridge.RenderPipelines.Core.Editor.rsp
[ 303/1038  0s] WriteText Library/Bee/artifacts/2400b0aE.dag/Unity.2D.Common.Editor.rsp
[ 304/1038  0s] WriteText Library/Bee/artifacts/2400b0aE.dag/Unity.VisualScripting.Core.Editor.rsp
[ 310/1038  0s] WriteText Library/Bee/artifacts/2400b0aE.dag/Unity.InternalAPIEditorBridge.001.rsp
[ 316/1038  0s] WriteText Library/Bee/artifacts/2400b0aE.dag/Unity.2D.Animation.Runtime.rsp
[ 317/1038  0s] WriteText Library/Bee/artifacts/2400b0aE.dag/Unity.2D.SpriteShape.Runtime.rsp
[ 318/1038  0s] WriteText Library/Bee/artifacts/2400b0aE.dag/Unity.2D.Tilemap.Editor.rsp
[ 319/1038  0s] WriteText Library/Bee/artifacts/2400b0aE.dag/Unity.VisualScripting.Flow.Editor.rsp
[ 322/1038  0s] WriteText Library/Bee/artifacts/2400b0aE.dag/Unity.VisualScripting.State.rsp
[ 327/1038  0s] WriteText Library/Bee/artifacts/2400b0aE.dag/Unity.VisualScripting.Flow.rsp
[ 328/1038  0s] WriteText Library/Bee/artifacts/2400b0aE.dag/Unity.InternalAPIEditorBridge.ShaderGraph.Editor.rsp
[ 346/1038  0s] WriteText Library/Bee/artifacts/2400b0aE.dag/Unity.ShaderGraph.Utilities.rsp
[ 349/1038  0s] WriteText Library/Bee/artifacts/2400b0aE.dag/Unity.Searcher.Editor.rsp
[           0s] Csc Library/Bee/artifacts/2400b0aE.dag/UnityEngine.TestRunner.dll (+2 others) [CacheMiss ed61206c0c69fa08a523c1a27a9060ca00000000000000000000000000000006]
[ 357/1038  0s] WriteText Library/Bee/artifacts/2400b0aE.dag/Unity.2D.Triangulation.Runtime.rsp
[ 358/1038  0s] WriteText Library/Bee/artifacts/2400b0aE.dag/Unity.RenderPipelines.Core.Editor.rsp
[ 359/1038  0s] WriteText Library/Bee/artifacts/2400b0aE.dag/Unity.InternalAPIEngineBridge.004.rsp
[           0s] Csc Library/Bee/artifacts/2400b0aE.dag/UnityEngine.UI.dll (+2 others) [CacheMiss a958cdc4b89ab3a55b031fe7bd4e4a9a00000000000000000000000000000006]
[ 366/1038  0s] WriteText Library/Bee/artifacts/2400b0aE.dag/Unity.RenderPipelines.Universal.2D.Runtime.rsp
[ 367/1038  0s] WriteText Library/Bee/artifacts/2400b0aE.dag/Unity.2D.Animation.Editor.rsp
[ 370/1038  0s] WriteText Library/Bee/artifacts/2400b0aE.dag/Unity.RenderPipelines.Core.Editor.Shared.rsp
[ 378/1038  0s] WriteText Library/Bee/artifacts/2400b0aE.dag/Unity.2D.Common.Path.Editor.rsp
[ 379/1038  0s] WriteText Library/Bee/artifacts/2400b0aE.dag/Unity.TextMeshPro.rsp
[ 380/1038  0s] WriteText Library/Bee/artifacts/2400b0aE.dag/Unity.ShaderGraph.Editor.rsp
[ 381/1038  0s] WriteText Library/Bee/artifacts/2400b0aE.dag/Unity.Timeline.rsp
[ 382/1038  0s] WriteText Library/Bee/artifacts/2400b0aE.dag/Unity.PlasticSCM.Editor.rsp
[ 383/1038  0s] WriteText Library/Bee/artifacts/2400b0aE.dag/Unity.2D.Tilemap.Extras.rsp
[ 384/1038  0s] WriteText Library/Bee/artifacts/2400b0aE.dag/Unity.2D.Aseprite.Common.rsp
[ 390/1038  0s] WriteText Library/Bee/artifacts/2400b0aE.dag/Unity.Multiplayer.Center.Common.rsp
[ 406/1038  0s] WriteText Library/Bee/artifacts/2400b0aE.dag/Unity.VisualScripting.State.Editor.rsp
[ 407/1038  0s] WriteText Library/Bee/artifacts/2400b0aE.dag/Unity.InputSystem.ForUI.rsp
[ 438/1038  0s] WriteText Library/Bee/artifacts/2400b0aE.dag/Unity.2D.IK.Runtime.rsp
[ 439/1038  0s] WriteText Library/Bee/artifacts/2400b0aE.dag/PsdPlugin.rsp
[ 464/1038  0s] WriteText Library/Bee/artifacts/2400b0aE.dag/Unity.Burst.Editor.rsp
[ 466/1038  0s] WriteText Library/Bee/artifacts/2400b0aE.dag/Unity.VisualStudio.Editor.rsp
[ 467/1038  0s] WriteText Library/Bee/artifacts/2400b0aE.dag/Unity.Multiplayer.Center.Editor.rsp
[ 468/1038  0s] WriteText Library/Bee/artifacts/2400b0aE.dag/Unity.VisualScripting.SettingsProvider.Editor.rsp
[ 469/1038  0s] WriteText Library/Bee/artifacts/2400b0aE.dag/Unity.VisualScripting.Shared.Editor.rsp
[ 470/1038  0s] WriteText Library/Bee/artifacts/2400b0aE.dag/Unity.InputSystem.ForUI.Editor.rsp
[ 471/1038  0s] WriteText Library/Bee/artifacts/2400b0aE.dag/Unity.Rider.Editor.rsp
[ 472/1038  0s] WriteText Library/Bee/artifacts/2400b0aE.dag/Unity.2D.Aseprite.Editor.rsp
[ 473/1038  0s] WriteText Library/Bee/artifacts/2400b0aE.dag/Unity.2D.IK.Editor.rsp
[ 474/1038  0s] WriteText Library/Bee/artifacts/2400b0aE.dag/Unity.2D.Psdimporter.Editor.rsp
[ 475/1038  0s] WriteText Library/Bee/artifacts/2400b0aE.dag/Unity.RenderPipelines.Core.ShaderLibrary.rsp
[ 476/1038  0s] WriteText Library/Bee/artifacts/2400b0aE.dag/Unity.PlasticSCM.Editor.Assistant.rsp
[ 477/1038  0s] WriteText Library/Bee/artifacts/2400b0aE.dag/UnityEditor.UI.Analytics.rsp
[ 478/1038  0s] WriteText Library/Bee/artifacts/2400b0aE.dag/Unity.RenderPipelines.Universal.Editor.rsp
[ 479/1038  0s] WriteText Library/Bee/artifacts/2400b0aE.dag/Unity.RenderPipelines.Universal.Shaders.rsp
[ 480/1038  0s] WriteText Library/Bee/artifacts/2400b0aE.dag/Unity.RenderPipelines.ShaderGraph.ShaderGraphLibrary.rsp
[ 481/1038  0s] WriteText Library/Bee/artifacts/2400b0aE.dag/Unity.2D.SpriteShape.Editor.rsp
[ 482/1038  0s] WriteText Library/Bee/artifacts/2400b0aE.dag/Unity.Rendering.LightTransport.Editor.rsp
[ 483/1038  0s] WriteText Library/Bee/artifacts/2400b0aE.dag/Unity.2D.Tilemap.Extras.Editor.rsp
[ 484/1038  0s] WriteText Library/Bee/artifacts/2400b0aE.dag/Unity.TextMeshPro.Editor.rsp
[ 485/1038  0s] WriteText Library/Bee/artifacts/2400b0aE.dag/Unity.RenderPipelines.Universal.2D.Editor.Overrides.rsp
[ 502/1038  0s] WriteText Library/Bee/artifacts/2400b0aE.dag/Unity.Timeline.Editor.rsp
[ 511/1038  0s] WriteText Library/Bee/artifacts/2400b0aE.dag/Unity.Collections.Editor.rsp
[ 512/1038  0s] WriteText Library/Bee/artifacts/2400b0aE.dag/Unity.VisualScripting.DocCodeExamples.rsp
[ 513/1038  0s] WriteText Library/Bee/artifacts/2400b0aE.dag/Unity.PerformanceTesting.rsp
[ 514/1038  0s] WriteText Library/Bee/artifacts/2400b0aE.dag/Unity.InputSystem.TestFramework.rsp
[ 515/1038  0s] WriteText Library/Bee/artifacts/2400b0aE.dag/Unity.2D.Tooling.Editor.rsp
[ 516/1038  0s] WriteText Library/Bee/artifacts/2400b0aE.dag/Unity.CollabProxy.Editor.rsp
[ 517/1038  0s] WriteText Library/Bee/artifacts/2400b0aE.dag/Unity.PerformanceTesting.Editor.rsp
[ 518/1038  0s] WriteText Library/Bee/artifacts/2400b0aE.dag/Unity.InputSystem.DocCodeSamples.rsp
[ 519/1038  0s] WriteText Library/Bee/artifacts/2400b0aE.dag/Unity.PlasticSCM.Editor.Entities.rsp
[ 520/1038  0s] WriteText Library/Bee/artifacts/2400b0aE.dag/Assembly-CSharp.rsp
[ 521/1038  0s] WriteText Library/Bee/artifacts/2400b0aE.dag/ScriptablePacker.rsp
[ 522/1038  2s] Csc Library/Bee/artifacts/2400b0aE.dag/UnityEngine.TestRunner.dll (+2 others)
[           0s] Csc Library/Bee/artifacts/2400b0aE.dag/UnityEngine.TestRunner.dll (+2 others) [CacheWrite ed61206c0c69fa08a523c1a27a9060ca00000000000000000000000000000006]
[ 525/1038  0s] CopyFiles Library/ScriptAssemblies/UnityEngine.TestRunner.pdb
[ 526/1038  0s] CopyFiles Library/ScriptAssemblies/UnityEngine.TestRunner.dll
[           0s] Csc Library/Bee/artifacts/2400b0aE.dag/UnityEditor.TestRunner.dll (+2 others) [CacheMiss 46c9ec328b726be9d5154a7b07b259d700000000000000000000000000000006]
[ 527/1038  3s] Csc Library/Bee/artifacts/2400b0aE.dag/UnityEngine.UI.dll (+2 others)
[           0s] Csc Library/Bee/artifacts/2400b0aE.dag/UnityEngine.UI.dll (+2 others) [CacheWrite a958cdc4b89ab3a55b031fe7bd4e4a9a00000000000000000000000000000006]
[ 529/1038  1s] Csc Library/Bee/artifacts/2400b0aE.dag/UnityEditor.TestRunner.dll (+2 others)
[           0s] Csc Library/Bee/artifacts/2400b0aE.dag/UnityEditor.TestRunner.dll (+2 others) [CacheWrite 46c9ec328b726be9d5154a7b07b259d700000000000000000000000000000006]
[ 532/1038  0s] CopyFiles Library/ScriptAssemblies/UnityEditor.TestRunner.pdb
[ 533/1038  0s] CopyFiles Library/ScriptAssemblies/UnityEditor.TestRunner.dll
[           0s] Csc Library/Bee/artifacts/2400b0aE.dag/UnityEditor.UI.dll (+2 others) [CacheMiss a2125469c4e89a2ef9acfdc68815150f00000000000000000000000000000006]
[ 534/1038  0s] Csc Library/Bee/artifacts/2400b0aE.dag/UnityEditor.UI.dll (+2 others)
[           0s] Csc Library/Bee/artifacts/2400b0aE.dag/UnityEditor.UI.dll (+2 others) [CacheWrite a2125469c4e89a2ef9acfdc68815150f00000000000000000000000000000006]
[           0s] Csc Library/Bee/artifacts/2400b0aE.dag/Unity.InternalAPIEngineBridge.RenderPipelines.Core.Runtime.Shared.dll (+2 others) [CacheMiss d17fb60db3202605b85f17e70560416900000000000000000000000000000006]
[           0s] Csc Library/Bee/artifacts/2400b0aE.dag/Unity.Burst.dll (+2 others) [CacheMiss 1307b9e86c7226abf4c4438675c31e3d00000000000000000000000000000006]
[           0s] Csc Library/Bee/artifacts/2400b0aE.dag/Unity.Mathematics.dll (+2 others) [CacheMiss cc92e4e51d504f51012be22f96a4ab5800000000000000000000000000000006]
[           0s] Csc Library/Bee/artifacts/2400b0aE.dag/Unity.InputSystem.dll (+2 others) [CacheMiss 21498cb9440404e543b5c96401a1d45000000000000000000000000000000006]
[           0s] Csc Library/Bee/artifacts/2400b0aE.dag/Unity.InternalAPIEngineBridge.001.dll (+2 others) [CacheMiss fc495dcd4af5cccce67b4be04c40719500000000000000000000000000000006]
[           0s] Csc Library/Bee/artifacts/2400b0aE.dag/Unity.2D.Sprite.Editor.dll (+2 others) [CacheMiss 27021012c56cd433055832c7840dfe8600000000000000000000000000000006]
[           0s] Csc Library/Bee/artifacts/2400b0aE.dag/Unity.InternalAPIEngineBridge.RenderPipelines.Core.Editor.dll (+2 others) [CacheMiss f0985fe2d7f990d9f57aa1ce42c4cbc700000000000000000000000000000006]
[           0s] Csc Library/Bee/artifacts/2400b0aE.dag/Unity.2D.Tilemap.Editor.dll (+2 others) [CacheMiss 5e366cd8912195c4f0c6503edfa6056c00000000000000000000000000000006]
[ 544/1038  0s] Csc Library/Bee/artifacts/2400b0aE.dag/Unity.InternalAPIEngineBridge.RenderPipelines.Core.Runtime.Shared.dll (+2 others)
[           0s] Csc Library/Bee/artifacts/2400b0aE.dag/Unity.InternalAPIEngineBridge.RenderPipelines.Core.Runtime.Shared.dll (+2 others) [CacheWrite d17fb60db3202605b85f17e70560416900000000000000000000000000000006]
[           0s] Csc Library/Bee/artifacts/2400b0aE.dag/Unity.Searcher.Editor.dll (+2 others) [CacheMiss 99ef0b03ef5b73cb806e3c9e897cc90b00000000000000000000000000000006]
[ 549/1038  1s] Csc Library/Bee/artifacts/2400b0aE.dag/Unity.InternalAPIEngineBridge.RenderPipelines.Core.Editor.dll (+2 others)
[ 550/1038  1s] Csc Library/Bee/artifacts/2400b0aE.dag/Unity.Mathematics.dll (+2 others)
[           0s] Csc Library/Bee/artifacts/2400b0aE.dag/Unity.Mathematics.dll (+2 others) [CacheWrite cc92e4e51d504f51012be22f96a4ab5800000000000000000000000000000006]
[           0s] Csc Library/Bee/artifacts/2400b0aE.dag/Unity.InternalAPIEngineBridge.RenderPipelines.Core.Editor.dll (+2 others) [CacheWrite f0985fe2d7f990d9f57aa1ce42c4cbc700000000000000000000000000000006]
[           0s] Csc Library/Bee/artifacts/2400b0aE.dag/Unity.InternalAPIEngineBridge.004.dll (+2 others) [CacheMiss 964e62b62217e21ca40bf9704e4eb7e700000000000000000000000000000006]
[           0s] Csc Library/Bee/artifacts/2400b0aE.dag/Unity.InternalAPIEditorBridge.ShaderGraph.Editor.dll (+2 others) [CacheMiss f216db1ba26ec2c7709184fd5ce1e65f00000000000000000000000000000006]
[ 553/1038  0s] Csc Library/Bee/artifacts/2400b0aE.dag/Unity.InternalAPIEditorBridge.ShaderGraph.Editor.dll (+2 others)
[           0s] Csc Library/Bee/artifacts/2400b0aE.dag/Unity.InternalAPIEditorBridge.ShaderGraph.Editor.dll (+2 others) [CacheWrite f216db1ba26ec2c7709184fd5ce1e65f00000000000000000000000000000006]
[           0s] Csc Library/Bee/artifacts/2400b0aE.dag/Unity.ShaderGraph.Utilities.dll (+2 others) [CacheMiss c8550977008e922447fb298b2cb3307700000000000000000000000000000006]
[ 555/1038  0s] Csc Library/Bee/artifacts/2400b0aE.dag/Unity.InternalAPIEngineBridge.004.dll (+2 others)
[           0s] Csc Library/Bee/artifacts/2400b0aE.dag/Unity.InternalAPIEngineBridge.004.dll (+2 others) [CacheWrite 964e62b62217e21ca40bf9704e4eb7e700000000000000000000000000000006]
[           0s] Csc Library/Bee/artifacts/2400b0aE.dag/Unity.PlasticSCM.Editor.dll (+2 others) [CacheMiss 1412223093e44f123a86a421613d4eca00000000000000000000000000000006]
[ 559/1038  0s] Csc Library/Bee/artifacts/2400b0aE.dag/Unity.Searcher.Editor.dll (+2 others)
[           0s] Csc Library/Bee/artifacts/2400b0aE.dag/Unity.Searcher.Editor.dll (+2 others) [CacheWrite 99ef0b03ef5b73cb806e3c9e897cc90b00000000000000000000000000000006]
[           0s] Csc Library/Bee/artifacts/2400b0aE.dag/Unity.2D.Common.Path.Editor.dll (+2 others) [CacheMiss c5104ffb9043d9f695868a014330e60300000000000000000000000000000006]
[ 563/1038  2s] Csc Library/Bee/artifacts/2400b0aE.dag/Unity.InternalAPIEngineBridge.001.dll (+2 others)
[           0s] Csc Library/Bee/artifacts/2400b0aE.dag/Unity.InternalAPIEngineBridge.001.dll (+2 others) [CacheWrite fc495dcd4af5cccce67b4be04c40719500000000000000000000000000000006]
[           0s] Csc Library/Bee/artifacts/2400b0aE.dag/Unity.TextMeshPro.dll (+2 others) [CacheMiss 712d8a93d6cf90b24b1d30ad1ff832d500000000000000000000000000000006]
[ 565/1038  1s] Csc Library/Bee/artifacts/2400b0aE.dag/Unity.ShaderGraph.Utilities.dll (+2 others)
[           0s] Csc Library/Bee/artifacts/2400b0aE.dag/Unity.ShaderGraph.Utilities.dll (+2 others) [CacheWrite c8550977008e922447fb298b2cb3307700000000000000000000000000000006]
[           0s] Csc Library/Bee/artifacts/2400b0aE.dag/Unity.Timeline.dll (+2 others) [CacheMiss 36f8e7984f6a1abecc45a37220604c0a00000000000000000000000000000006]
[ 569/1038  4s] Csc Library/Bee/artifacts/2400b0aE.dag/Unity.2D.Sprite.Editor.dll (+2 others)
[           0s] Csc Library/Bee/artifacts/2400b0aE.dag/Unity.2D.Sprite.Editor.dll (+2 others) [CacheWrite 27021012c56cd433055832c7840dfe8600000000000000000000000000000006]
[           0s] Csc Library/Bee/artifacts/2400b0aE.dag/Unity.InternalAPIEditorBridge.001.dll (+2 others) [CacheMiss 461b4ab07a4a79969ff1f7cd7c370e0d00000000000000000000000000000006]
[ 572/1038  4s] Csc Library/Bee/artifacts/2400b0aE.dag/Unity.2D.Common.Path.Editor.dll (+2 others)
[           0s] Csc Library/Bee/artifacts/2400b0aE.dag/Unity.2D.Common.Path.Editor.dll (+2 others) [CacheWrite c5104ffb9043d9f695868a014330e60300000000000000000000000000000006]
[           0s] Csc Library/Bee/artifacts/2400b0aE.dag/Unity.Multiplayer.Center.Common.dll (+2 others) [CacheMiss 9f2553b854f32ab34cd8c8c3d96a1c5a00000000000000000000000000000006]
[ 573/1038  7s] Csc Library/Bee/artifacts/2400b0aE.dag/Unity.2D.Tilemap.Editor.dll (+2 others)
[           0s] Csc Library/Bee/artifacts/2400b0aE.dag/Unity.2D.Tilemap.Editor.dll (+2 others) [CacheWrite 5e366cd8912195c4f0c6503edfa6056c00000000000000000000000000000006]
[           0s] Csc Library/Bee/artifacts/2400b0aE.dag/Unity.2D.Tilemap.Extras.dll (+2 others) [CacheMiss 186d14a57fde63613de9936a98336eb500000000000000000000000000000006]
[ 576/1038  1s] Csc Library/Bee/artifacts/2400b0aE.dag/Unity.Multiplayer.Center.Common.dll (+2 others)
[           0s] Csc Library/Bee/artifacts/2400b0aE.dag/Unity.Multiplayer.Center.Common.dll (+2 others) [CacheWrite 9f2553b854f32ab34cd8c8c3d96a1c5a00000000000000000000000000000006]
[           0s] Csc Library/Bee/artifacts/2400b0aE.dag/Unity.VisualStudio.Editor.dll (+2 others) [CacheMiss 5e6e59ba08e5cf875d93218147b2793a00000000000000000000000000000006]
[ 586/1038  3s] Csc Library/Bee/artifacts/2400b0aE.dag/Unity.InternalAPIEditorBridge.001.dll (+2 others)
[           0s] Csc Library/Bee/artifacts/2400b0aE.dag/Unity.InternalAPIEditorBridge.001.dll (+2 others) [CacheWrite 461b4ab07a4a79969ff1f7cd7c370e0d00000000000000000000000000000006]
[           0s] Csc Library/Bee/artifacts/2400b0aE.dag/Unity.Rider.Editor.dll (+2 others) [CacheMiss 435762098fcd930f949ccd5c36a1098900000000000000000000000000000006]
[ 588/1038  6s] Csc Library/Bee/artifacts/2400b0aE.dag/Unity.Timeline.dll (+2 others)
[           0s] Csc Library/Bee/artifacts/2400b0aE.dag/Unity.Timeline.dll (+2 others) [CacheWrite 36f8e7984f6a1abecc45a37220604c0a00000000000000000000000000000006]
[           0s] Csc Library/Bee/artifacts/2400b0aE.dag/Unity.Timeline.Editor.dll (+2 others) [CacheMiss cb4befe82ecca7b0fc8941ce0394c3dd00000000000000000000000000000006]
[ 592/1038  2s] Csc Library/Bee/artifacts/2400b0aE.dag/Unity.2D.Tilemap.Extras.dll (+2 others)
[           0s] Csc Library/Bee/artifacts/2400b0aE.dag/Unity.2D.Tilemap.Extras.dll (+2 others) [CacheWrite 186d14a57fde63613de9936a98336eb500000000000000000000000000000006]
[           0s] Csc Library/Bee/artifacts/2400b0aE.dag/Unity.2D.Tilemap.Extras.Editor.dll (+2 others) [CacheMiss 6adb83c57bb020a8574165731c07d60100000000000000000000000000000006]
[ 595/1038 10s] Csc Library/Bee/artifacts/2400b0aE.dag/Unity.Burst.dll (+2 others)
[           0s] Csc Library/Bee/artifacts/2400b0aE.dag/Unity.Burst.dll (+2 others) [CacheWrite 1307b9e86c7226abf4c4438675c31e3d00000000000000000000000000000006]
[           0s] Csc Library/Bee/artifacts/2400b0aE.dag/Unity.Collections.dll (+2 others) [CacheMiss dd8015915454e742afa97f9765e6bbfb00000000000000000000000000000006]
[ 598/1038 12s] Csc Library/Bee/artifacts/2400b0aE.dag/Unity.TextMeshPro.dll (+2 others)
[           0s] Csc Library/Bee/artifacts/2400b0aE.dag/Unity.TextMeshPro.dll (+2 others) [CacheWrite 712d8a93d6cf90b24b1d30ad1ff832d500000000000000000000000000000006]
[           0s] Csc Library/Bee/artifacts/2400b0aE.dag/Unity.Burst.CodeGen.dll (+2 others) [CacheMiss 1ec9a705adcbf7e8b0c3794ca16bcab800000000000000000000000000000006]
[ 600/1038  9s] Csc Library/Bee/artifacts/2400b0aE.dag/Unity.Rider.Editor.dll (+2 others)
[           0s] Csc Library/Bee/artifacts/2400b0aE.dag/Unity.Rider.Editor.dll (+2 others) [CacheWrite 435762098fcd930f949ccd5c36a1098900000000000000000000000000000006]
[           0s] Csc Library/Bee/artifacts/2400b0aE.dag/Unity.Burst.Editor.dll (+2 others) [CacheMiss 6af4fa7c4718f9d5c406272c116241e600000000000000000000000000000006]
[ 602/1038  9s] Csc Library/Bee/artifacts/2400b0aE.dag/Unity.VisualStudio.Editor.dll (+2 others)
[           0s] Csc Library/Bee/artifacts/2400b0aE.dag/Unity.VisualStudio.Editor.dll (+2 others) [CacheWrite 5e6e59ba08e5cf875d93218147b2793a00000000000000000000000000000006]
[           0s] Csc Library/Bee/artifacts/2400b0aE.dag/Unity.2D.Aseprite.Common.dll (+2 others) [CacheMiss ce1f257290e413d997b950ef61ab612a00000000000000000000000000000006]
[ 604/1038  1s] Csc Library/Bee/artifacts/2400b0aE.dag/Unity.2D.Aseprite.Common.dll (+2 others)
[           0s] Csc Library/Bee/artifacts/2400b0aE.dag/Unity.2D.Aseprite.Common.dll (+2 others) [CacheWrite ce1f257290e413d997b950ef61ab612a00000000000000000000000000000006]
[           0s] Csc Library/Bee/artifacts/2400b0aE.dag/PsdPlugin.dll (+2 others) [CacheMiss 1e3ef1ae37c7740669a4cc808f1e599d00000000000000000000000000000006]
[ 607/1038  4s] Csc Library/Bee/artifacts/2400b0aE.dag/Unity.Burst.CodeGen.dll (+2 others)
[           0s] Csc Library/Bee/artifacts/2400b0aE.dag/Unity.Burst.CodeGen.dll (+2 others) [CacheWrite 1ec9a705adcbf7e8b0c3794ca16bcab800000000000000000000000000000006]
[           0s] Csc Library/Bee/artifacts/2400b0aE.dag/Unity.2D.Tooling.Editor.dll (+2 others) [CacheMiss b9b16383cadfa14e3604fb09a2dd465300000000000000000000000000000006]
[ 611/1038  9s] Csc Library/Bee/artifacts/2400b0aE.dag/Unity.2D.Tilemap.Extras.Editor.dll (+2 others)
[           0s] Csc Library/Bee/artifacts/2400b0aE.dag/Unity.2D.Tilemap.Extras.Editor.dll (+2 others) [CacheWrite 6adb83c57bb020a8574165731c07d60100000000000000000000000000000006]
[           0s] Csc Library/Bee/artifacts/2400b0aE.dag/UnityEditor.UI.Analytics.dll (+2 others) [CacheMiss d8e4d753357906f155b8d9a71b37b9c300000000000000000000000000000006]
[BUSY      23s] Csc Library/Bee/artifacts/2400b0aE.dag/Unity.PlasticSCM.Editor.dll (+2 others)
[ 612/1038 24s] Csc Library/Bee/artifacts/2400b0aE.dag/Unity.InputSystem.dll (+2 others)
[           0s] Csc Library/Bee/artifacts/2400b0aE.dag/Unity.InputSystem.dll (+2 others) [CacheWrite 21498cb9440404e543b5c96401a1d45000000000000000000000000000000006]
[           0s] Csc Library/Bee/artifacts/2400b0aE.dag/Unity.VisualScripting.Core.dll (+2 others) [CacheMiss 2608bcc18a25ec15d6e922bc5c81408c00000000000000000000000000000006]
[ 615/1038  8s] Csc Library/Bee/artifacts/2400b0aE.dag/UnityEditor.UI.Analytics.dll (+2 others)
[           0s] Csc Library/Bee/artifacts/2400b0aE.dag/UnityEditor.UI.Analytics.dll (+2 others) [CacheWrite d8e4d753357906f155b8d9a71b37b9c300000000000000000000000000000006]
[           0s] Csc Library/Bee/artifacts/2400b0aE.dag/Unity.InputSystem.ForUI.dll (+2 others) [CacheMiss bdab6d69809f292cc41c59d1d80fb7a100000000000000000000000000000006]
[ 617/1038 11s] Csc Library/Bee/artifacts/2400b0aE.dag/Unity.2D.Tooling.Editor.dll (+2 others)
[           0s] Csc Library/Bee/artifacts/2400b0aE.dag/Unity.2D.Tooling.Editor.dll (+2 others) [CacheWrite b9b16383cadfa14e3604fb09a2dd465300000000000000000000000000000006]
[           0s] Csc Library/Bee/artifacts/2400b0aE.dag/Unity.RenderPipelines.Core.ShaderLibrary.dll (+2 others) [CacheMiss 665b2580b29aabad3c1c1a659998fe4900000000000000000000000000000006]
[ 618/1038 11s] Csc Library/Bee/artifacts/2400b0aE.dag/PsdPlugin.dll (+2 others)
[           0s] Csc Library/Bee/artifacts/2400b0aE.dag/PsdPlugin.dll (+2 others) [CacheWrite 1e3ef1ae37c7740669a4cc808f1e599d00000000000000000000000000000006]
[           0s] Csc Library/Bee/artifacts/2400b0aE.dag/Unity.RenderPipelines.ShaderGraph.ShaderGraphLibrary.dll (+2 others) [CacheMiss 7a2ab220095bc79c06c1f9e17684afa100000000000000000000000000000006]
[ 619/1038 21s] Csc Library/Bee/artifacts/2400b0aE.dag/Unity.Timeline.Editor.dll (+2 others)
[           0s] Csc Library/Bee/artifacts/2400b0aE.dag/Unity.Timeline.Editor.dll (+2 others) [CacheWrite cb4befe82ecca7b0fc8941ce0394c3dd00000000000000000000000000000006]
[           0s] Csc Library/Bee/artifacts/2400b0aE.dag/Unity.RenderPipelines.Universal.Shaders.dll (+2 others) [CacheMiss 03e3f2af7f6da6d5977594e1b9440d8200000000000000000000000000000006]
[ 620/1038  2s] Csc Library/Bee/artifacts/2400b0aE.dag/Unity.InputSystem.ForUI.dll (+2 others)
[           0s] Csc Library/Bee/artifacts/2400b0aE.dag/Unity.InputSystem.ForUI.dll (+2 others) [CacheWrite bdab6d69809f292cc41c59d1d80fb7a100000000000000000000000000000006]
[           0s] Csc Library/Bee/artifacts/2400b0aE.dag/Unity.InputSystem.ForUI.Editor.dll (+2 others) [CacheMiss 45c828a6fe5711f3f4b0fca96c4ce17500000000000000000000000000000006]
[ 623/1038  0s] Csc Library/Bee/artifacts/2400b0aE.dag/Unity.RenderPipelines.Core.ShaderLibrary.dll (+2 others)
[           0s] Csc Library/Bee/artifacts/2400b0aE.dag/Unity.RenderPipelines.Core.ShaderLibrary.dll (+2 others) [CacheWrite 665b2580b29aabad3c1c1a659998fe4900000000000000000000000000000006]
[           0s] Csc Library/Bee/artifacts/2400b0aE.dag/Unity.Rendering.LightTransport.Editor.dll (+2 others) [CacheMiss eb855a4d5db2b334d2fc2489e19d665000000000000000000000000000000006]
[ 624/1038  0s] Csc Library/Bee/artifacts/2400b0aE.dag/Unity.RenderPipelines.ShaderGraph.ShaderGraphLibrary.dll (+2 others)
[           0s] Csc Library/Bee/artifacts/2400b0aE.dag/Unity.RenderPipelines.ShaderGraph.ShaderGraphLibrary.dll (+2 others) [CacheWrite 7a2ab220095bc79c06c1f9e17684afa100000000000000000000000000000006]
[           0s] Csc Library/Bee/artifacts/2400b0aE.dag/Unity.Multiplayer.Center.Editor.dll (+2 others) [CacheMiss c000094b9c19cc70fca727c0bdd02fbb00000000000000000000000000000006]
[ 625/1038  0s] Csc Library/Bee/artifacts/2400b0aE.dag/Unity.RenderPipelines.Universal.Shaders.dll (+2 others)
[           0s] Csc Library/Bee/artifacts/2400b0aE.dag/Unity.RenderPipelines.Universal.Shaders.dll (+2 others) [CacheWrite 03e3f2af7f6da6d5977594e1b9440d8200000000000000000000000000000006]
[           0s] Csc Library/Bee/artifacts/2400b0aE.dag/Unity.PerformanceTesting.dll (+2 others) [CacheMiss c983033662dacf214a453517b76cbcf400000000000000000000000000000006]
[ 626/1038 20s] Csc Library/Bee/artifacts/2400b0aE.dag/Unity.Collections.dll (+2 others)
[           0s] Csc Library/Bee/artifacts/2400b0aE.dag/Unity.Collections.dll (+2 others) [CacheWrite dd8015915454e742afa97f9765e6bbfb00000000000000000000000000000006]
[           0s] Csc Library/Bee/artifacts/2400b0aE.dag/Unity.RenderPipelines.Core.Runtime.dll (+2 others) [CacheMiss 4e4771776c8e0a355372179a683c8ed300000000000000000000000000000006]
[ 629/1038  0s] Csc Library/Bee/artifacts/2400b0aE.dag/Unity.InputSystem.ForUI.Editor.dll (+2 others)
[           0s] Csc Library/Bee/artifacts/2400b0aE.dag/Unity.InputSystem.ForUI.Editor.dll (+2 others) [CacheWrite 45c828a6fe5711f3f4b0fca96c4ce17500000000000000000000000000000006]
[           0s] Csc Library/Bee/artifacts/2400b0aE.dag/Unity.UnifiedRayTracing.Runtime.dll (+2 others) [CacheMiss 9019f993a64b6754d52a4e879606601500000000000000000000000000000006]
[ 631/1038  0s] Csc Library/Bee/artifacts/2400b0aE.dag/Unity.Rendering.LightTransport.Editor.dll (+2 others)
[           0s] Csc Library/Bee/artifacts/2400b0aE.dag/Unity.Rendering.LightTransport.Editor.dll (+2 others) [CacheWrite eb855a4d5db2b334d2fc2489e19d665000000000000000000000000000000006]
[           0s] Csc Library/Bee/artifacts/2400b0aE.dag/Unity.Collections.CodeGen.dll (+2 others) [CacheMiss e632c800d4f9bf66ddd6ec664989cf3200000000000000000000000000000006]
[ 633/1038  3s] Csc Library/Bee/artifacts/2400b0aE.dag/Unity.Multiplayer.Center.Editor.dll (+2 others)
[ 634/1038  2s] Csc Library/Bee/artifacts/2400b0aE.dag/Unity.Collections.CodeGen.dll (+2 others)
[           0s] Csc Library/Bee/artifacts/2400b0aE.dag/Unity.Collections.CodeGen.dll (+2 others) [CacheWrite e632c800d4f9bf66ddd6ec664989cf3200000000000000000000000000000006]
[           0s] Csc Library/Bee/artifacts/2400b0aE.dag/Unity.Multiplayer.Center.Editor.dll (+2 others) [CacheWrite c000094b9c19cc70fca727c0bdd02fbb00000000000000000000000000000006]
[           0s] Csc Library/Bee/artifacts/2400b0aE.dag/Unity.2D.Common.Runtime.dll (+2 others) [CacheMiss 21841b25e115c8740c681f7f512e34fa00000000000000000000000000000006]
[ 636/1038  0s] ILPP-Configuration Library/ilpp-configuration.nevergeneratedoutput
[           0s] Csc Library/Bee/artifacts/2400b0aE.dag/Unity.Collections.Editor.dll (+2 others) [CacheMiss d62e4e4c12eb89a76bd0935b6c6f88cb00000000000000000000000000000006]
[ 638/1038 34s] Csc Library/Bee/artifacts/2400b0aE.dag/Unity.PlasticSCM.Editor.dll (+2 others)
[           0s] Csc Library/Bee/artifacts/2400b0aE.dag/Unity.PlasticSCM.Editor.dll (+2 others) [CacheWrite 1412223093e44f123a86a421613d4eca00000000000000000000000000000006]
[           0s] Csc Library/Bee/artifacts/2400b0aE.dag/Unity.PlasticSCM.Editor.Assistant.dll (+2 others) [CacheMiss 432e9aabe40b7fd4c950916cd1f1cb8300000000000000000000000000000006]
[ 641/1038  4s] Csc Library/Bee/artifacts/2400b0aE.dag/Unity.PerformanceTesting.dll (+2 others)
[           0s] Csc Library/Bee/artifacts/2400b0aE.dag/Unity.PerformanceTesting.dll (+2 others) [CacheWrite c983033662dacf214a453517b76cbcf400000000000000000000000000000006]
[           0s] Csc Library/Bee/artifacts/2400b0aE.dag/Unity.InputSystem.TestFramework.dll (+2 others) [CacheMiss 983cd81b90c222adefc9545aa7cb2b4300000000000000000000000000000006]
[ 660/1038  1s] Csc Library/Bee/artifacts/2400b0aE.dag/Unity.Collections.Editor.dll (+2 others)
[           0s] Csc Library/Bee/artifacts/2400b0aE.dag/Unity.Collections.Editor.dll (+2 others) [CacheWrite d62e4e4c12eb89a76bd0935b6c6f88cb00000000000000000000000000000006]
[           0s] Csc Library/Bee/artifacts/2400b0aE.dag/Unity.PlasticSCM.Editor.Entities.dll (+2 others) [CacheMiss 0c337f81242e036f151824420cae1e0f00000000000000000000000000000006]
[ 662/1038  1s] Csc Library/Bee/artifacts/2400b0aE.dag/Unity.PlasticSCM.Editor.Assistant.dll (+2 others)
[ 663/1038  5s] Csc Library/Bee/artifacts/2400b0aE.dag/Unity.UnifiedRayTracing.Runtime.dll (+2 others)
[           0s] Csc Library/Bee/artifacts/2400b0aE.dag/Unity.UnifiedRayTracing.Runtime.dll (+2 others) [CacheWrite 9019f993a64b6754d52a4e879606601500000000000000000000000000000006]
[           0s] Csc Library/Bee/artifacts/2400b0aE.dag/Unity.PlasticSCM.Editor.Assistant.dll (+2 others) [CacheWrite 432e9aabe40b7fd4c950916cd1f1cb8300000000000000000000000000000006]
[           0s] Csc Library/Bee/artifacts/2400b0aE.dag/Unity.CollabProxy.Editor.dll (+2 others) [CacheMiss 0d44c6978daf2bf282c51b46a412eef800000000000000000000000000000006]
[           0s] Csc Library/Bee/artifacts/2400b0aE.dag/Unity.InputSystem.DocCodeSamples.dll (+2 others) [CacheMiss 95606d55f2b9e8abe6726eab56e1cf2600000000000000000000000000000006]
[ 666/1038  0s] Csc Library/Bee/artifacts/2400b0aE.dag/Unity.PlasticSCM.Editor.Entities.dll (+2 others)
[           0s] Csc Library/Bee/artifacts/2400b0aE.dag/Unity.PlasticSCM.Editor.Entities.dll (+2 others) [CacheWrite 0c337f81242e036f151824420cae1e0f00000000000000000000000000000006]
[           0s] Csc Library/Bee/artifacts/2400b0aE.dag/Unity.PerformanceTesting.Editor.dll (+2 others) [CacheMiss 36e06f538f002cd44262025dcdb1160400000000000000000000000000000006]
[ 667/1038  0s] Csc Library/Bee/artifacts/2400b0aE.dag/Unity.InputSystem.DocCodeSamples.dll (+2 others)
[           0s] Csc Library/Bee/artifacts/2400b0aE.dag/Unity.InputSystem.DocCodeSamples.dll (+2 others) [CacheWrite 95606d55f2b9e8abe6726eab56e1cf2600000000000000000000000000000006]
[ 668/1038  3s] Csc Library/Bee/artifacts/2400b0aE.dag/Unity.2D.Common.Runtime.dll (+2 others)
[           0s] Csc Library/Bee/artifacts/2400b0aE.dag/Unity.2D.Common.Runtime.dll (+2 others) [CacheWrite 21841b25e115c8740c681f7f512e34fa00000000000000000000000000000006]
[           0s] Csc Library/Bee/artifacts/2400b0aE.dag/Unity.2D.Common.Editor.dll (+2 others) [CacheMiss c0dfba8df4666b765ed00b307b609a7b00000000000000000000000000000006]
[ 671/1038  2s] Csc Library/Bee/artifacts/2400b0aE.dag/Unity.InputSystem.TestFramework.dll (+2 others)
[           0s] Csc Library/Bee/artifacts/2400b0aE.dag/Unity.InputSystem.TestFramework.dll (+2 others) [CacheWrite 983cd81b90c222adefc9545aa7cb2b4300000000000000000000000000000006]
[ 673/1038  1s] Csc Library/Bee/artifacts/2400b0aE.dag/Unity.CollabProxy.Editor.dll (+2 others)
[           0s] Csc Library/Bee/artifacts/2400b0aE.dag/Unity.2D.SpriteShape.Runtime.dll (+2 others) [CacheMiss 66a0b44a35ee48205cf0bd93cdd038cf00000000000000000000000000000006]
[ 674/1038  1s] Csc Library/Bee/artifacts/2400b0aE.dag/Unity.PerformanceTesting.Editor.dll (+2 others)
[           0s] Csc Library/Bee/artifacts/2400b0aE.dag/Unity.PerformanceTesting.Editor.dll (+2 others) [CacheWrite 36e06f538f002cd44262025dcdb1160400000000000000000000000000000006]
[           0s] Csc Library/Bee/artifacts/2400b0aE.dag/Unity.2D.Triangulation.Runtime.dll (+2 others) [CacheMiss 37d427368fb6540eca75ad21f430903c00000000000000000000000000000006]
[           1s] Csc Library/Bee/artifacts/2400b0aE.dag/Unity.CollabProxy.Editor.dll (+2 others) [CacheWrite 0d44c6978daf2bf282c51b46a412eef800000000000000000000000000000006]
[           0s] Csc Library/Bee/artifacts/2400b0aE.dag/ScriptablePacker.dll (+2 others) [CacheMiss af690c1a7621e8b4db917011bbb6fb8800000000000000000000000000000006]
[ 677/1038  1s] Csc Library/Bee/artifacts/2400b0aE.dag/Unity.2D.Common.Editor.dll (+2 others)
[           0s] Csc Library/Bee/artifacts/2400b0aE.dag/Unity.2D.Common.Editor.dll (+2 others) [CacheWrite c0dfba8df4666b765ed00b307b609a7b00000000000000000000000000000006]
[ 679/1038  0s] ILPostProcess Library/Bee/artifacts/2400b0aE.dag/post-processed/Unity.InputSystem.ForUI.dll (+pdb)
Processing assembly Library/Bee/artifacts/2400b0aE.dag/Unity.InputSystem.ForUI.dll, with 134 defines and 294 references
processors: Unity.Jobs.CodeGen.JobsILPostProcessor, zzzUnity.Burst.CodeGen.BurstILPostProcessor
running Unity.Jobs.CodeGen.JobsILPostProcessor
running zzzUnity.Burst.CodeGen.BurstILPostProcessor
[ 680/1038  0s] ILPostProcess Library/Bee/artifacts/2400b0aE.dag/post-processed/Unity.TextMeshPro.dll (+pdb)
Processing assembly Library/Bee/artifacts/2400b0aE.dag/Unity.TextMeshPro.dll, with 135 defines and 294 references
processors: Unity.Jobs.CodeGen.JobsILPostProcessor, zzzUnity.Burst.CodeGen.BurstILPostProcessor
running Unity.Jobs.CodeGen.JobsILPostProcessor
running zzzUnity.Burst.CodeGen.BurstILPostProcessor
[ 681/1038  0s] ILPostProcess Library/Bee/artifacts/2400b0aE.dag/post-processed/Unity.RenderPipelines.ShaderGraph.ShaderGraphLibrary.dll (+pdb)
Processing assembly Library/Bee/artifacts/2400b0aE.dag/Unity.RenderPipelines.ShaderGraph.ShaderGraphLibrary.dll, with 134 defines and 293 references
processors: Unity.Jobs.CodeGen.JobsILPostProcessor, zzzUnity.Burst.CodeGen.BurstILPostProcessor
running Unity.Jobs.CodeGen.JobsILPostProcessor
running zzzUnity.Burst.CodeGen.BurstILPostProcessor
[ 682/1038 15s] Csc Library/Bee/artifacts/2400b0aE.dag/Unity.VisualScripting.Core.dll (+2 others)
[           0s] Csc Library/Bee/artifacts/2400b0aE.dag/Unity.VisualScripting.Core.dll (+2 others) [CacheWrite 2608bcc18a25ec15d6e922bc5c81408c00000000000000000000000000000006]
[           0s] Csc Library/Bee/artifacts/2400b0aE.dag/Unity.VisualScripting.Flow.dll (+2 others) [CacheMiss f49d75a415102097f9311ebf3ba3415400000000000000000000000000000006]
[ 685/1038  1s] Csc Library/Bee/artifacts/2400b0aE.dag/Unity.2D.Triangulation.Runtime.dll (+2 others)
[           0s] Csc Library/Bee/artifacts/2400b0aE.dag/Unity.2D.Triangulation.Runtime.dll (+2 others) [CacheWrite 37d427368fb6540eca75ad21f430903c00000000000000000000000000000006]
[           0s] Csc Library/Bee/artifacts/2400b0aE.dag/Unity.VisualScripting.Core.Editor.dll (+2 others) [CacheMiss 18a44b9c4051d8102df0f8fdff19b90f00000000000000000000000000000006]
[ 687/1038  1s] Csc Library/Bee/artifacts/2400b0aE.dag/ScriptablePacker.dll (+2 others)
[           0s] Csc Library/Bee/artifacts/2400b0aE.dag/ScriptablePacker.dll (+2 others) [CacheWrite af690c1a7621e8b4db917011bbb6fb8800000000000000000000000000000006]
[ 689/1038  0s] ILPostProcess Library/Bee/artifacts/2400b0aE.dag/post-processed/Unity.Timeline.dll (+pdb)
Processing assembly Library/Bee/artifacts/2400b0aE.dag/Unity.Timeline.dll, with 135 defines and 293 references
processors: Unity.Jobs.CodeGen.JobsILPostProcessor, zzzUnity.Burst.CodeGen.BurstILPostProcessor
running Unity.Jobs.CodeGen.JobsILPostProcessor
running zzzUnity.Burst.CodeGen.BurstILPostProcessor
[ 690/1038  0s] ILPostProcess Library/Bee/artifacts/2400b0aE.dag/post-processed/Unity.VisualScripting.Core.dll (+pdb)
Processing assembly Library/Bee/artifacts/2400b0aE.dag/Unity.VisualScripting.Core.dll, with 139 defines and 294 references
processors: Unity.Jobs.CodeGen.JobsILPostProcessor, zzzUnity.Burst.CodeGen.BurstILPostProcessor
running Unity.Jobs.CodeGen.JobsILPostProcessor
running zzzUnity.Burst.CodeGen.BurstILPostProcessor
[ 691/1038  0s] ILPostProcess Library/Bee/artifacts/2400b0aE.dag/post-processed/UnityEngine.UI.dll (+pdb)
Processing assembly Library/Bee/artifacts/2400b0aE.dag/UnityEngine.UI.dll, with 140 defines and 291 references
processors: Unity.Jobs.CodeGen.JobsILPostProcessor, zzzUnity.Burst.CodeGen.BurstILPostProcessor
running Unity.Jobs.CodeGen.JobsILPostProcessor
running zzzUnity.Burst.CodeGen.BurstILPostProcessor
[ 692/1038  0s] ILPostProcess Library/Bee/artifacts/2400b0aE.dag/post-processed/Unity.Multiplayer.Center.Common.dll (+pdb)
Processing assembly Library/Bee/artifacts/2400b0aE.dag/Unity.Multiplayer.Center.Common.dll, with 134 defines and 293 references
processors: Unity.Jobs.CodeGen.JobsILPostProcessor, zzzUnity.Burst.CodeGen.BurstILPostProcessor
running Unity.Jobs.CodeGen.JobsILPostProcessor
running zzzUnity.Burst.CodeGen.BurstILPostProcessor
[ 693/1038  0s] ILPostProcess Library/Bee/artifacts/2400b0aE.dag/post-processed/Unity.RenderPipelines.Universal.Shaders.dll (+pdb)
Processing assembly Library/Bee/artifacts/2400b0aE.dag/Unity.RenderPipelines.Universal.Shaders.dll, with 134 defines and 293 references
processors: Unity.Jobs.CodeGen.JobsILPostProcessor, zzzUnity.Burst.CodeGen.BurstILPostProcessor
running Unity.Jobs.CodeGen.JobsILPostProcessor
running zzzUnity.Burst.CodeGen.BurstILPostProcessor
[ 694/1038  1s] ILPostProcess Library/Bee/artifacts/2400b0aE.dag/post-processed/Unity.2D.Common.Runtime.dll (+pdb)
Processing assembly Library/Bee/artifacts/2400b0aE.dag/Unity.2D.Common.Runtime.dll, with 134 defines and 296 references
processors: Unity.Jobs.CodeGen.JobsILPostProcessor, zzzUnity.Burst.CodeGen.BurstILPostProcessor
running Unity.Jobs.CodeGen.JobsILPostProcessor
running zzzUnity.Burst.CodeGen.BurstILPostProcessor
[ 695/1038  3s] ILPostProcess Library/Bee/artifacts/2400b0aE.dag/post-processed/Unity.UnifiedRayTracing.Runtime.dll (+pdb)
Processing assembly Library/Bee/artifacts/2400b0aE.dag/Unity.UnifiedRayTracing.Runtime.dll, with 135 defines and 296 references
processors: Unity.Jobs.CodeGen.JobsILPostProcessor, zzzUnity.Burst.CodeGen.BurstILPostProcessor
running Unity.Jobs.CodeGen.JobsILPostProcessor
running zzzUnity.Burst.CodeGen.BurstILPostProcessor
[ 696/1038  0s] ILPostProcess Library/Bee/artifacts/2400b0aE.dag/post-processed/Unity.InputSystem.TestFramework.dll (+pdb)
Processing assembly Library/Bee/artifacts/2400b0aE.dag/Unity.InputSystem.TestFramework.dll, with 136 defines and 281 references
processors: Unity.Jobs.CodeGen.JobsILPostProcessor, zzzUnity.Burst.CodeGen.BurstILPostProcessor
running Unity.Jobs.CodeGen.JobsILPostProcessor
running zzzUnity.Burst.CodeGen.BurstILPostProcessor
[ 697/1038  0s] ILPostProcess Library/Bee/artifacts/2400b0aE.dag/post-processed/Unity.InputSystem.dll (+pdb)
Processing assembly Library/Bee/artifacts/2400b0aE.dag/Unity.InputSystem.dll, with 147 defines and 293 references
processors: Unity.Jobs.CodeGen.JobsILPostProcessor, zzzUnity.Burst.CodeGen.BurstILPostProcessor
running Unity.Jobs.CodeGen.JobsILPostProcessor
running zzzUnity.Burst.CodeGen.BurstILPostProcessor
[ 698/1038  0s] ILPostProcess Library/Bee/artifacts/2400b0aE.dag/post-processed/Unity.RenderPipelines.Core.ShaderLibrary.dll (+pdb)
Processing assembly Library/Bee/artifacts/2400b0aE.dag/Unity.RenderPipelines.Core.ShaderLibrary.dll, with 134 defines and 293 references
processors: Unity.Jobs.CodeGen.JobsILPostProcessor, zzzUnity.Burst.CodeGen.BurstILPostProcessor
running Unity.Jobs.CodeGen.JobsILPostProcessor
running zzzUnity.Burst.CodeGen.BurstILPostProcessor
[ 699/1038  0s] ILPostProcess Library/Bee/artifacts/2400b0aE.dag/post-processed/Unity.Mathematics.dll (+pdb)
Processing assembly Library/Bee/artifacts/2400b0aE.dag/Unity.Mathematics.dll, with 134 defines and 293 references
processors: Unity.Jobs.CodeGen.JobsILPostProcessor, zzzUnity.Burst.CodeGen.BurstILPostProcessor
running Unity.Jobs.CodeGen.JobsILPostProcessor
running zzzUnity.Burst.CodeGen.BurstILPostProcessor
[ 700/1038  0s] ILPostProcess Library/Bee/artifacts/2400b0aE.dag/post-processed/Unity.InternalAPIEngineBridge.001.dll (+pdb)
Processing assembly Library/Bee/artifacts/2400b0aE.dag/Unity.InternalAPIEngineBridge.001.dll, with 134 defines and 293 references
processors: Unity.Jobs.CodeGen.JobsILPostProcessor, zzzUnity.Burst.CodeGen.BurstILPostProcessor
running Unity.Jobs.CodeGen.JobsILPostProcessor
running zzzUnity.Burst.CodeGen.BurstILPostProcessor
[ 701/1038  0s] ILPostProcess Library/Bee/artifacts/2400b0aE.dag/post-processed/Unity.InternalAPIEngineBridge.004.dll (+pdb)
Processing assembly Library/Bee/artifacts/2400b0aE.dag/Unity.InternalAPIEngineBridge.004.dll, with 134 defines and 293 references
processors: Unity.Jobs.CodeGen.JobsILPostProcessor, zzzUnity.Burst.CodeGen.BurstILPostProcessor
running Unity.Jobs.CodeGen.JobsILPostProcessor
running zzzUnity.Burst.CodeGen.BurstILPostProcessor
[ 702/1038  0s] ILPostProcess Library/Bee/artifacts/2400b0aE.dag/post-processed/Unity.InternalAPIEngineBridge.RenderPipelines.Core.Runtime.Shared.dll (+pdb)
Processing assembly Library/Bee/artifacts/2400b0aE.dag/Unity.InternalAPIEngineBridge.RenderPipelines.Core.Runtime.Shared.dll, with 134 defines and 293 references
processors: Unity.Jobs.CodeGen.JobsILPostProcessor, zzzUnity.Burst.CodeGen.BurstILPostProcessor
running Unity.Jobs.CodeGen.JobsILPostProcessor
running zzzUnity.Burst.CodeGen.BurstILPostProcessor
[ 703/1038  0s] ILPostProcess Library/Bee/artifacts/2400b0aE.dag/post-processed/Unity.2D.Tilemap.Extras.dll (+pdb)
Processing assembly Library/Bee/artifacts/2400b0aE.dag/Unity.2D.Tilemap.Extras.dll, with 134 defines and 294 references
processors: Unity.Jobs.CodeGen.JobsILPostProcessor, zzzUnity.Burst.CodeGen.BurstILPostProcessor
running Unity.Jobs.CodeGen.JobsILPostProcessor
running zzzUnity.Burst.CodeGen.BurstILPostProcessor
[ 704/1038  0s] ILPostProcess Library/Bee/artifacts/2400b0aE.dag/post-processed/Unity.PerformanceTesting.dll (+pdb)
Processing assembly Library/Bee/artifacts/2400b0aE.dag/Unity.PerformanceTesting.dll, with 135 defines and 279 references
processors: Unity.Jobs.CodeGen.JobsILPostProcessor, zzzUnity.Burst.CodeGen.BurstILPostProcessor
running Unity.Jobs.CodeGen.JobsILPostProcessor
running zzzUnity.Burst.CodeGen.BurstILPostProcessor
[ 705/1038  0s] ILPostProcess Library/Bee/artifacts/2400b0aE.dag/post-processed/Unity.Timeline.Editor.dll (+pdb)
Processing assembly Library/Bee/artifacts/2400b0aE.dag/Unity.Timeline.Editor.dll, with 133 defines and 305 references
processors: Unity.Jobs.CodeGen.JobsILPostProcessor, zzzUnity.Burst.CodeGen.BurstILPostProcessor
running Unity.Jobs.CodeGen.JobsILPostProcessor
running zzzUnity.Burst.CodeGen.BurstILPostProcessor
[ 706/1038  0s] ILPostProcess Library/Bee/artifacts/2400b0aE.dag/post-processed/Unity.InternalAPIEditorBridge.ShaderGraph.Editor.dll (+pdb)
Processing assembly Library/Bee/artifacts/2400b0aE.dag/Unity.InternalAPIEditorBridge.ShaderGraph.Editor.dll, with 132 defines and 304 references
processors: Unity.Jobs.CodeGen.JobsILPostProcessor, zzzUnity.Burst.CodeGen.BurstILPostProcessor
running Unity.Jobs.CodeGen.JobsILPostProcessor
running zzzUnity.Burst.CodeGen.BurstILPostProcessor
[ 707/1038  4s] Csc Library/Bee/artifacts/2400b0aE.dag/Unity.2D.SpriteShape.Runtime.dll (+2 others)
[           0s] Csc Library/Bee/artifacts/2400b0aE.dag/Unity.2D.SpriteShape.Runtime.dll (+2 others) [CacheWrite 66a0b44a35ee48205cf0bd93cdd038cf00000000000000000000000000000006]
[           0s] Csc Library/Bee/artifacts/2400b0aE.dag/Unity.2D.SpriteShape.Editor.dll (+2 others) [CacheMiss bb82f8af1a40baa23e6aac5bb038c92400000000000000000000000000000006]
[ 710/1038  0s] ILPostProcess Library/Bee/artifacts/2400b0aE.dag/post-processed/Unity.ShaderGraph.Utilities.dll (+pdb)
Processing assembly Library/Bee/artifacts/2400b0aE.dag/Unity.ShaderGraph.Utilities.dll, with 132 defines and 304 references
processors: Unity.Jobs.CodeGen.JobsILPostProcessor, zzzUnity.Burst.CodeGen.BurstILPostProcessor
running Unity.Jobs.CodeGen.JobsILPostProcessor
running zzzUnity.Burst.CodeGen.BurstILPostProcessor
[ 711/1038  3s] ILPostProcess Library/Bee/artifacts/2400b0aE.dag/post-processed/Unity.Burst.dll (+pdb)
Processing assembly Library/Bee/artifacts/2400b0aE.dag/Unity.Burst.dll, with 134 defines and 280 references
processors: Unity.Jobs.CodeGen.JobsILPostProcessor, zzzUnity.Burst.CodeGen.BurstILPostProcessor
running Unity.Jobs.CodeGen.JobsILPostProcessor
running zzzUnity.Burst.CodeGen.BurstILPostProcessor
[ 712/1038  2s] ILPostProcess Library/Bee/artifacts/2400b0aE.dag/post-processed/Unity.2D.SpriteShape.Runtime.dll (+pdb)
Processing assembly Library/Bee/artifacts/2400b0aE.dag/Unity.2D.SpriteShape.Runtime.dll, with 135 defines and 297 references
processors: Unity.Jobs.CodeGen.JobsILPostProcessor, zzzUnity.Burst.CodeGen.BurstILPostProcessor
running Unity.Jobs.CodeGen.JobsILPostProcessor
running zzzUnity.Burst.CodeGen.BurstILPostProcessor
[ 713/1038  0s] ILPostProcess Library/Bee/artifacts/2400b0aE.dag/post-processed/Unity.Multiplayer.Center.Editor.dll (+pdb)
Processing assembly Library/Bee/artifacts/2400b0aE.dag/Unity.Multiplayer.Center.Editor.dll, with 132 defines and 305 references
processors: Unity.Jobs.CodeGen.JobsILPostProcessor, zzzUnity.Burst.CodeGen.BurstILPostProcessor
running Unity.Jobs.CodeGen.JobsILPostProcessor
running zzzUnity.Burst.CodeGen.BurstILPostProcessor
[ 714/1038  3s] ILPostProcess Library/Bee/artifacts/2400b0aE.dag/post-processed/Unity.Collections.dll (+pdb)
Processing assembly Library/Bee/artifacts/2400b0aE.dag/Unity.Collections.dll, with 136 defines and 295 references
processors: Unity.Jobs.CodeGen.JobsILPostProcessor, zzzUnity.Burst.CodeGen.BurstILPostProcessor
running Unity.Jobs.CodeGen.JobsILPostProcessor
running zzzUnity.Burst.CodeGen.BurstILPostProcessor
[ 715/1038  0s] ILPostProcess Library/Bee/artifacts/2400b0aE.dag/post-processed/Unity.2D.Common.Path.Editor.dll (+pdb)
Processing assembly Library/Bee/artifacts/2400b0aE.dag/Unity.2D.Common.Path.Editor.dll, with 132 defines and 304 references
processors: Unity.Jobs.CodeGen.JobsILPostProcessor, zzzUnity.Burst.CodeGen.BurstILPostProcessor
running Unity.Jobs.CodeGen.JobsILPostProcessor
running zzzUnity.Burst.CodeGen.BurstILPostProcessor
[ 716/1038  0s] ILPostProcess Library/Bee/artifacts/2400b0aE.dag/post-processed/Unity.2D.Sprite.Editor.dll (+pdb)
Processing assembly Library/Bee/artifacts/2400b0aE.dag/Unity.2D.Sprite.Editor.dll, with 132 defines and 304 references
processors: Unity.Jobs.CodeGen.JobsILPostProcessor, zzzUnity.Burst.CodeGen.BurstILPostProcessor
running Unity.Jobs.CodeGen.JobsILPostProcessor
running zzzUnity.Burst.CodeGen.BurstILPostProcessor
[ 717/1038  0s] ILPostProcess Library/Bee/artifacts/2400b0aE.dag/post-processed/Unity.PlasticSCM.Editor.Assistant.dll (+pdb)
Processing assembly Library/Bee/artifacts/2400b0aE.dag/Unity.PlasticSCM.Editor.Assistant.dll, with 132 defines and 305 references
processors: Unity.Jobs.CodeGen.JobsILPostProcessor, zzzUnity.Burst.CodeGen.BurstILPostProcessor
running Unity.Jobs.CodeGen.JobsILPostProcessor
running zzzUnity.Burst.CodeGen.BurstILPostProcessor
[ 718/1038  0s] ILPostProcess Library/Bee/artifacts/2400b0aE.dag/post-processed/Unity.InputSystem.ForUI.Editor.dll (+pdb)
Processing assembly Library/Bee/artifacts/2400b0aE.dag/Unity.InputSystem.ForUI.Editor.dll, with 132 defines and 306 references
processors: Unity.Jobs.CodeGen.JobsILPostProcessor, zzzUnity.Burst.CodeGen.BurstILPostProcessor
running Unity.Jobs.CodeGen.JobsILPostProcessor
running zzzUnity.Burst.CodeGen.BurstILPostProcessor
[ 719/1038  0s] ILPostProcess Library/Bee/artifacts/2400b0aE.dag/post-processed/Unity.InternalAPIEditorBridge.001.dll (+pdb)
Processing assembly Library/Bee/artifacts/2400b0aE.dag/Unity.InternalAPIEditorBridge.001.dll, with 133 defines and 305 references
processors: Unity.Jobs.CodeGen.JobsILPostProcessor, zzzUnity.Burst.CodeGen.BurstILPostProcessor
running Unity.Jobs.CodeGen.JobsILPostProcessor
running zzzUnity.Burst.CodeGen.BurstILPostProcessor
[ 720/1038  0s] ILPostProcess Library/Bee/artifacts/2400b0aE.dag/post-processed/Unity.PlasticSCM.Editor.Entities.dll (+pdb)
Processing assembly Library/Bee/artifacts/2400b0aE.dag/Unity.PlasticSCM.Editor.Entities.dll, with 132 defines and 305 references
processors: Unity.Jobs.CodeGen.JobsILPostProcessor, zzzUnity.Burst.CodeGen.BurstILPostProcessor
running Unity.Jobs.CodeGen.JobsILPostProcessor
running zzzUnity.Burst.CodeGen.BurstILPostProcessor
[ 721/1038  0s] ILPostProcess Library/Bee/artifacts/2400b0aE.dag/post-processed/ScriptablePacker.dll (+pdb)
Processing assembly Library/Bee/artifacts/2400b0aE.dag/ScriptablePacker.dll, with 132 defines and 294 references
processors: Unity.Jobs.CodeGen.JobsILPostProcessor, zzzUnity.Burst.CodeGen.BurstILPostProcessor
running Unity.Jobs.CodeGen.JobsILPostProcessor
running zzzUnity.Burst.CodeGen.BurstILPostProcessor
[ 722/1038  0s] ILPostProcess Library/Bee/artifacts/2400b0aE.dag/post-processed/UnityEditor.UI.dll (+pdb)
Processing assembly Library/Bee/artifacts/2400b0aE.dag/UnityEditor.UI.dll, with 135 defines and 303 references
processors: Unity.Jobs.CodeGen.JobsILPostProcessor, zzzUnity.Burst.CodeGen.BurstILPostProcessor
running Unity.Jobs.CodeGen.JobsILPostProcessor
running zzzUnity.Burst.CodeGen.BurstILPostProcessor
[ 723/1038  0s] ILPostProcess Library/Bee/artifacts/2400b0aE.dag/post-processed/Unity.2D.Triangulation.Runtime.dll (+pdb)
Processing assembly Library/Bee/artifacts/2400b0aE.dag/Unity.2D.Triangulation.Runtime.dll, with 132 defines and 294 references
processors: Unity.Jobs.CodeGen.JobsILPostProcessor, zzzUnity.Burst.CodeGen.BurstILPostProcessor
running Unity.Jobs.CodeGen.JobsILPostProcessor
running zzzUnity.Burst.CodeGen.BurstILPostProcessor
[ 724/1038  0s] ILPostProcess Library/Bee/artifacts/2400b0aE.dag/post-processed/Unity.2D.Aseprite.Common.dll (+pdb)
Processing assembly Library/Bee/artifacts/2400b0aE.dag/Unity.2D.Aseprite.Common.dll, with 132 defines and 307 references
processors: Unity.Jobs.CodeGen.JobsILPostProcessor, zzzUnity.Burst.CodeGen.BurstILPostProcessor
running Unity.Jobs.CodeGen.JobsILPostProcessor
running zzzUnity.Burst.CodeGen.BurstILPostProcessor
[ 725/1038  0s] ILPostProcess Library/Bee/artifacts/2400b0aE.dag/post-processed/Unity.Searcher.Editor.dll (+pdb)
Processing assembly Library/Bee/artifacts/2400b0aE.dag/Unity.Searcher.Editor.dll, with 132 defines and 304 references
processors: Unity.Jobs.CodeGen.JobsILPostProcessor, zzzUnity.Burst.CodeGen.BurstILPostProcessor
running Unity.Jobs.CodeGen.JobsILPostProcessor
running zzzUnity.Burst.CodeGen.BurstILPostProcessor
[ 726/1038  0s] ILPostProcess Library/Bee/artifacts/2400b0aE.dag/post-processed/Unity.2D.Common.Editor.dll (+pdb)
Processing assembly Library/Bee/artifacts/2400b0aE.dag/Unity.2D.Common.Editor.dll, with 132 defines and 308 references
processors: Unity.Jobs.CodeGen.JobsILPostProcessor, zzzUnity.Burst.CodeGen.BurstILPostProcessor
running Unity.Jobs.CodeGen.JobsILPostProcessor
running zzzUnity.Burst.CodeGen.BurstILPostProcessor
[ 727/1038  0s] ILPostProcess Library/Bee/artifacts/2400b0aE.dag/post-processed/PsdPlugin.dll (+pdb)
Processing assembly Library/Bee/artifacts/2400b0aE.dag/PsdPlugin.dll, with 132 defines and 305 references
processors: Unity.Jobs.CodeGen.JobsILPostProcessor, zzzUnity.Burst.CodeGen.BurstILPostProcessor
running Unity.Jobs.CodeGen.JobsILPostProcessor
running zzzUnity.Burst.CodeGen.BurstILPostProcessor
[ 728/1038  0s] ILPostProcess Library/Bee/artifacts/2400b0aE.dag/post-processed/Unity.Collections.Editor.dll (+pdb)
Processing assembly Library/Bee/artifacts/2400b0aE.dag/Unity.Collections.Editor.dll, with 133 defines and 305 references
processors: Unity.Jobs.CodeGen.JobsILPostProcessor, zzzUnity.Burst.CodeGen.BurstILPostProcessor
running Unity.Jobs.CodeGen.JobsILPostProcessor
running zzzUnity.Burst.CodeGen.BurstILPostProcessor
[ 729/1038  0s] ILPostProcess Library/Bee/artifacts/2400b0aE.dag/post-processed/Unity.InternalAPIEngineBridge.RenderPipelines.Core.Editor.dll (+pdb)
Processing assembly Library/Bee/artifacts/2400b0aE.dag/Unity.InternalAPIEngineBridge.RenderPipelines.Core.Editor.dll, with 132 defines and 304 references
processors: Unity.Jobs.CodeGen.JobsILPostProcessor, zzzUnity.Burst.CodeGen.BurstILPostProcessor
running Unity.Jobs.CodeGen.JobsILPostProcessor
running zzzUnity.Burst.CodeGen.BurstILPostProcessor
[ 730/1038  0s] ILPostProcess Library/Bee/artifacts/2400b0aE.dag/post-processed/Unity.Rendering.LightTransport.Editor.dll (+pdb)
Processing assembly Library/Bee/artifacts/2400b0aE.dag/Unity.Rendering.LightTransport.Editor.dll, with 132 defines and 304 references
processors: Unity.Jobs.CodeGen.JobsILPostProcessor, zzzUnity.Burst.CodeGen.BurstILPostProcessor
running Unity.Jobs.CodeGen.JobsILPostProcessor
running zzzUnity.Burst.CodeGen.BurstILPostProcessor
[ 731/1038  0s] ILPostProcess Library/Bee/artifacts/2400b0aE.dag/post-processed/UnityEditor.UI.Analytics.dll (+pdb)
Processing assembly Library/Bee/artifacts/2400b0aE.dag/UnityEditor.UI.Analytics.dll, with 132 defines and 305 references
processors: Unity.Jobs.CodeGen.JobsILPostProcessor, zzzUnity.Burst.CodeGen.BurstILPostProcessor
running Unity.Jobs.CodeGen.JobsILPostProcessor
running zzzUnity.Burst.CodeGen.BurstILPostProcessor
[ 732/1038  0s] ILPostProcess Library/Bee/artifacts/2400b0aE.dag/post-processed/Unity.2D.Tilemap.Extras.Editor.dll (+pdb)
Processing assembly Library/Bee/artifacts/2400b0aE.dag/Unity.2D.Tilemap.Extras.Editor.dll, with 132 defines and 306 references
processors: Unity.Jobs.CodeGen.JobsILPostProcessor, zzzUnity.Burst.CodeGen.BurstILPostProcessor
running Unity.Jobs.CodeGen.JobsILPostProcessor
running zzzUnity.Burst.CodeGen.BurstILPostProcessor
[ 733/1038  0s] ILPostProcess Library/Bee/artifacts/2400b0aE.dag/post-processed/Unity.InputSystem.DocCodeSamples.dll (+pdb)
Processing assembly Library/Bee/artifacts/2400b0aE.dag/Unity.InputSystem.DocCodeSamples.dll, with 132 defines and 291 references
processors: Unity.Jobs.CodeGen.JobsILPostProcessor, zzzUnity.Burst.CodeGen.BurstILPostProcessor
running Unity.Jobs.CodeGen.JobsILPostProcessor
running zzzUnity.Burst.CodeGen.BurstILPostProcessor
[ 734/1038  0s] ILPostProcess Library/Bee/artifacts/2400b0aE.dag/post-processed/Unity.PlasticSCM.Editor.dll (+pdb)
Processing assembly Library/Bee/artifacts/2400b0aE.dag/Unity.PlasticSCM.Editor.dll, with 133 defines and 294 references
processors: Unity.Jobs.CodeGen.JobsILPostProcessor, zzzUnity.Burst.CodeGen.BurstILPostProcessor
running Unity.Jobs.CodeGen.JobsILPostProcessor
running zzzUnity.Burst.CodeGen.BurstILPostProcessor
[ 735/1038  0s] ILPostProcess Library/Bee/artifacts/2400b0aE.dag/post-processed/Unity.PerformanceTesting.Editor.dll (+pdb)
Processing assembly Library/Bee/artifacts/2400b0aE.dag/Unity.PerformanceTesting.Editor.dll, with 133 defines and 291 references
processors: Unity.Jobs.CodeGen.JobsILPostProcessor, zzzUnity.Burst.CodeGen.BurstILPostProcessor
running Unity.Jobs.CodeGen.JobsILPostProcessor
running zzzUnity.Burst.CodeGen.BurstILPostProcessor
[ 736/1038  0s] ILPostProcess Library/Bee/artifacts/2400b0aE.dag/post-processed/Unity.2D.Tilemap.Editor.dll (+pdb)
Processing assembly Library/Bee/artifacts/2400b0aE.dag/Unity.2D.Tilemap.Editor.dll, with 132 defines and 304 references
processors: Unity.Jobs.CodeGen.JobsILPostProcessor, zzzUnity.Burst.CodeGen.BurstILPostProcessor
running Unity.Jobs.CodeGen.JobsILPostProcessor
running zzzUnity.Burst.CodeGen.BurstILPostProcessor
[ 737/1038  0s] CopyFiles Library/ScriptAssemblies/Unity.2D.Common.Runtime.dll
[ 738/1038  0s] CopyFiles Library/ScriptAssemblies/Unity.InternalAPIEngineBridge.RenderPipelines.Core.Runtime.Shared.dll
[ 739/1038  0s] CopyFiles Library/ScriptAssemblies/Unity.Collections.dll
[ 740/1038  0s] CopyFiles Library/ScriptAssemblies/Unity.Burst.dll
[ 741/1038  0s] CopyFiles Library/ScriptAssemblies/Unity.RenderPipelines.ShaderGraph.ShaderGraphLibrary.dll
[ 742/1038  0s] CopyFiles Library/ScriptAssemblies/Unity.VisualScripting.Core.dll
[ 743/1038  0s] CopyFiles Library/ScriptAssemblies/Unity.Timeline.dll
[ 744/1038  0s] CopyFiles Library/ScriptAssemblies/Unity.2D.Tilemap.Extras.dll
[ 745/1038  0s] CopyFiles Library/ScriptAssemblies/Unity.InputSystem.TestFramework.dll
[ 746/1038  0s] CopyFiles Library/ScriptAssemblies/Unity.TextMeshPro.dll
[ 747/1038  0s] CopyFiles Library/ScriptAssemblies/Unity.RenderPipelines.Core.ShaderLibrary.dll
[ 748/1038  0s] CopyFiles Library/ScriptAssemblies/Unity.2D.SpriteShape.Runtime.dll
[ 749/1038  0s] CopyFiles Library/ScriptAssemblies/Unity.UnifiedRayTracing.Runtime.dll
[ 750/1038  0s] CopyFiles Library/ScriptAssemblies/Unity.InternalAPIEngineBridge.004.dll
[ 751/1038  0s] CopyFiles Library/ScriptAssemblies/Unity.InputSystem.ForUI.dll
[ 752/1038  0s] CopyFiles Library/ScriptAssemblies/Unity.InputSystem.dll
[ 753/1038  0s] ILPostProcess Library/Bee/artifacts/2400b0aE.dag/post-processed/Unity.CollabProxy.Editor.dll (+pdb)
Processing assembly Library/Bee/artifacts/2400b0aE.dag/Unity.CollabProxy.Editor.dll, with 132 defines and 305 references
processors: Unity.Jobs.CodeGen.JobsILPostProcessor, zzzUnity.Burst.CodeGen.BurstILPostProcessor
running Unity.Jobs.CodeGen.JobsILPostProcessor
running zzzUnity.Burst.CodeGen.BurstILPostProcessor
[ 754/1038  0s] CopyFiles Library/ScriptAssemblies/Unity.Multiplayer.Center.Common.dll
[ 755/1038  0s] CopyFiles Library/ScriptAssemblies/Unity.InternalAPIEngineBridge.001.dll
[ 756/1038  0s] CopyFiles Library/ScriptAssemblies/Unity.RenderPipelines.Universal.Shaders.dll
[ 757/1038  0s] CopyFiles Library/ScriptAssemblies/Unity.Mathematics.dll
[ 758/1038  0s] CopyFiles Library/ScriptAssemblies/Unity.PerformanceTesting.dll
[ 759/1038  0s] CopyFiles Library/ScriptAssemblies/UnityEngine.UI.dll
[ 760/1038  0s] CopyFiles Library/ScriptAssemblies/Unity.InternalAPIEngineBridge.RenderPipelines.Core.Runtime.Shared.pdb
[ 761/1038  0s] CopyFiles Library/ScriptAssemblies/Unity.2D.Tilemap.Editor.dll
[ 762/1038  0s] CopyFiles Library/ScriptAssemblies/Unity.2D.Tilemap.Editor.pdb
[ 763/1038  0s] CopyFiles Library/ScriptAssemblies/Unity.UnifiedRayTracing.Runtime.pdb
[ 764/1038  0s] CopyFiles Library/ScriptAssemblies/Unity.Multiplayer.Center.Editor.pdb
[ 765/1038  0s] CopyFiles Library/ScriptAssemblies/UnityEngine.UI.pdb
[ 766/1038  0s] CopyFiles Library/ScriptAssemblies/Unity.TextMeshPro.pdb
[ 767/1038  0s] CopyFiles Library/ScriptAssemblies/Unity.2D.Common.Path.Editor.pdb
[ 768/1038  0s] CopyFiles Library/ScriptAssemblies/Unity.PerformanceTesting.pdb
[ 769/1038  0s] CopyFiles Library/ScriptAssemblies/Unity.Burst.CodeGen.dll
[ 770/1038  0s] CopyFiles Library/ScriptAssemblies/UnityEditor.UI.Analytics.pdb
[ 771/1038  0s] CopyFiles Library/ScriptAssemblies/Unity.2D.Tilemap.Extras.pdb
[ 772/1038  0s] CopyFiles Library/ScriptAssemblies/Unity.Rendering.LightTransport.Editor.pdb
[ 773/1038  0s] CopyFiles Library/ScriptAssemblies/Unity.2D.Tilemap.Extras.Editor.dll
[ 774/1038  0s] CopyFiles Library/ScriptAssemblies/Unity.2D.Aseprite.Common.dll
[ 775/1038  0s] CopyFiles Library/ScriptAssemblies/Unity.Collections.pdb
[ 776/1038  0s] CopyFiles Library/ScriptAssemblies/Unity.InternalAPIEditorBridge.ShaderGraph.Editor.dll
[ 777/1038  0s] CopyFiles Library/ScriptAssemblies/Unity.2D.Aseprite.Common.pdb
[ 778/1038  0s] CopyFiles Library/ScriptAssemblies/Unity.RenderPipelines.Core.ShaderLibrary.pdb
[ 779/1038  0s] CopyFiles Library/ScriptAssemblies/Unity.VisualStudio.Editor.dll
[ 780/1038  0s] CopyFiles Library/ScriptAssemblies/Unity.VisualStudio.Editor.pdb
[ 781/1038  0s] CopyFiles Library/ScriptAssemblies/Unity.InputSystem.ForUI.pdb
[ 782/1038  0s] CopyFiles Library/ScriptAssemblies/PsdPlugin.dll
[ 783/1038  0s] CopyFiles Library/ScriptAssemblies/Unity.InputSystem.ForUI.Editor.dll
[ 784/1038  0s] CopyFiles Library/ScriptAssemblies/Unity.2D.Tilemap.Extras.Editor.pdb
[ 785/1038  0s] CopyFiles Library/ScriptAssemblies/Unity.InternalAPIEngineBridge.001.pdb
[ 786/1038  0s] CopyFiles Library/ScriptAssemblies/Unity.Rendering.LightTransport.Editor.dll
[ 787/1038  0s] CopyFiles Library/ScriptAssemblies/Unity.2D.SpriteShape.Runtime.pdb
[ 788/1038  0s] CopyFiles Library/ScriptAssemblies/Unity.2D.Common.Editor.dll
[ 789/1038  0s] CopyFiles Library/ScriptAssemblies/Unity.PlasticSCM.Editor.dll
[ 790/1038  0s] CopyFiles Library/ScriptAssemblies/Unity.Timeline.pdb
[ 791/1038  0s] CopyFiles Library/ScriptAssemblies/Unity.Mathematics.pdb
[ 792/1038  0s] CopyFiles Library/ScriptAssemblies/Unity.InternalAPIEngineBridge.RenderPipelines.Core.Editor.pdb
[ 793/1038  0s] CopyFiles Library/ScriptAssemblies/Unity.Searcher.Editor.dll
[ 794/1038  0s] CopyFiles Library/ScriptAssemblies/PsdPlugin.pdb
[ 795/1038  0s] CopyFiles Library/ScriptAssemblies/Unity.2D.Triangulation.Runtime.dll
[ 796/1038  0s] CopyFiles Library/ScriptAssemblies/Unity.2D.Common.Runtime.pdb
[ 797/1038  0s] CopyFiles Library/ScriptAssemblies/Unity.2D.Common.Editor.pdb
[ 798/1038  0s] CopyFiles Library/ScriptAssemblies/Unity.2D.Sprite.Editor.dll
[ 799/1038  0s] CopyFiles Library/ScriptAssemblies/Unity.Burst.pdb
[ 800/1038  0s] CopyFiles Library/ScriptAssemblies/Unity.Timeline.Editor.dll
[ 801/1038  0s] CopyFiles Library/ScriptAssemblies/Unity.PlasticSCM.Editor.pdb
[ 802/1038  0s] CopyFiles Library/ScriptAssemblies/Unity.Collections.CodeGen.dll
[ 803/1038  0s] CopyFiles Library/ScriptAssemblies/Unity.ShaderGraph.Utilities.dll
[ 804/1038  0s] CopyFiles Library/ScriptAssemblies/Unity.Collections.Editor.pdb
[ 805/1038  0s] CopyFiles Library/ScriptAssemblies/Unity.Burst.CodeGen.pdb
[ 806/1038  0s] CopyFiles Library/ScriptAssemblies/Unity.InternalAPIEditorBridge.001.dll
[ 807/1038  0s] CopyFiles Library/ScriptAssemblies/Unity.PlasticSCM.Editor.Entities.pdb
[ 808/1038  0s] CopyFiles Library/ScriptAssemblies/Unity.InputSystem.ForUI.Editor.pdb
[ 809/1038  0s] CopyFiles Library/ScriptAssemblies/Unity.Collections.Editor.dll
[ 810/1038  0s] CopyFiles Library/ScriptAssemblies/UnityEditor.UI.pdb
[ 811/1038  0s] CopyFiles Library/ScriptAssemblies/Unity.InputSystem.TestFramework.pdb
[ 812/1038  0s] CopyFiles Library/ScriptAssemblies/Unity.Rider.Editor.dll
[ 813/1038  0s] CopyFiles Library/ScriptAssemblies/Unity.PerformanceTesting.Editor.pdb
[ 814/1038  0s] CopyFiles Library/ScriptAssemblies/ScriptablePacker.pdb
[ 815/1038  0s] CopyFiles Library/ScriptAssemblies/Unity.PlasticSCM.Editor.Assistant.pdb
[ 816/1038  0s] CopyFiles Library/ScriptAssemblies/Unity.ShaderGraph.Utilities.pdb
[ 817/1038  0s] CopyFiles Library/ScriptAssemblies/Unity.Rider.Editor.pdb
[ 818/1038  0s] CopyFiles Library/ScriptAssemblies/Unity.2D.Sprite.Editor.pdb
[ 819/1038  0s] CopyFiles Library/ScriptAssemblies/Unity.CollabProxy.Editor.dll
[ 820/1038  0s] CopyFiles Library/ScriptAssemblies/Unity.Multiplayer.Center.Editor.dll
[ 821/1038  0s] CopyFiles Library/ScriptAssemblies/Unity.CollabProxy.Editor.pdb
[ 822/1038  0s] CopyFiles Library/ScriptAssemblies/Unity.InternalAPIEditorBridge.ShaderGraph.Editor.pdb
[ 823/1038  0s] CopyFiles Library/ScriptAssemblies/Unity.InputSystem.DocCodeSamples.pdb
[ 824/1038  0s] CopyFiles Library/ScriptAssemblies/Unity.Multiplayer.Center.Common.pdb
[ 825/1038  0s] CopyFiles Library/ScriptAssemblies/Unity.2D.Triangulation.Runtime.pdb
[ 826/1038  0s] CopyFiles Library/ScriptAssemblies/ScriptablePacker.dll
[ 827/1038  0s] CopyFiles Library/ScriptAssemblies/Unity.InternalAPIEngineBridge.004.pdb
[ 828/1038  0s] CopyFiles Library/ScriptAssemblies/Unity.InternalAPIEditorBridge.001.pdb
[ 829/1038  0s] CopyFiles Library/ScriptAssemblies/Unity.PlasticSCM.Editor.Assistant.dll
[ 830/1038  0s] CopyFiles Library/ScriptAssemblies/Unity.2D.Common.Path.Editor.dll
[ 831/1038  0s] CopyFiles Library/ScriptAssemblies/Unity.PerformanceTesting.Editor.dll
[ 832/1038  0s] CopyFiles Library/ScriptAssemblies/Unity.InputSystem.pdb
[ 833/1038  0s] CopyFiles Library/ScriptAssemblies/Unity.VisualScripting.Core.pdb
[ 834/1038  0s] CopyFiles Library/ScriptAssemblies/Unity.PlasticSCM.Editor.Entities.dll
[ 835/1038  0s] CopyFiles Library/ScriptAssemblies/UnityEditor.UI.dll
[ 836/1038  0s] CopyFiles Library/ScriptAssemblies/Unity.RenderPipelines.Universal.Shaders.pdb
[ 837/1038  0s] CopyFiles Library/ScriptAssemblies/Unity.RenderPipelines.ShaderGraph.ShaderGraphLibrary.pdb
[ 838/1038  0s] CopyFiles Library/ScriptAssemblies/Unity.Searcher.Editor.pdb
[ 839/1038  0s] CopyFiles Library/ScriptAssemblies/Unity.Timeline.Editor.pdb
[ 840/1038  0s] CopyFiles Library/ScriptAssemblies/Unity.InternalAPIEngineBridge.RenderPipelines.Core.Editor.dll
[ 841/1038  0s] CopyFiles Library/ScriptAssemblies/UnityEditor.UI.Analytics.dll
[ 842/1038  0s] CopyFiles Library/ScriptAssemblies/Unity.InputSystem.DocCodeSamples.dll
[ 843/1038  0s] CopyFiles Library/ScriptAssemblies/Unity.Collections.CodeGen.pdb
[ 844/1038  0s] ILPostProcess Library/Bee/artifacts/2400b0aE.dag/post-processed/Unity.2D.Tooling.Editor.dll (+pdb)
Processing assembly Library/Bee/artifacts/2400b0aE.dag/Unity.2D.Tooling.Editor.dll, with 132 defines and 307 references
processors: Unity.Jobs.CodeGen.JobsILPostProcessor, zzzUnity.Burst.CodeGen.BurstILPostProcessor
running Unity.Jobs.CodeGen.JobsILPostProcessor
running zzzUnity.Burst.CodeGen.BurstILPostProcessor
[ 845/1038  0s] CopyFiles Library/ScriptAssemblies/Unity.2D.Tooling.Editor.dll
[ 846/1038  0s] CopyFiles Library/ScriptAssemblies/Unity.2D.Tooling.Editor.pdb
[ 847/1038  7s] Csc Library/Bee/artifacts/2400b0aE.dag/Unity.2D.SpriteShape.Editor.dll (+2 others)
[           0s] Csc Library/Bee/artifacts/2400b0aE.dag/Unity.2D.SpriteShape.Editor.dll (+2 others) [CacheWrite bb82f8af1a40baa23e6aac5bb038c92400000000000000000000000000000006]
[ 849/1038  0s] ILPostProcess Library/Bee/artifacts/2400b0aE.dag/post-processed/Unity.2D.SpriteShape.Editor.dll (+pdb)
Processing assembly Library/Bee/artifacts/2400b0aE.dag/Unity.2D.SpriteShape.Editor.dll, with 133 defines and 309 references
processors: Unity.Jobs.CodeGen.JobsILPostProcessor, zzzUnity.Burst.CodeGen.BurstILPostProcessor
running Unity.Jobs.CodeGen.JobsILPostProcessor
running zzzUnity.Burst.CodeGen.BurstILPostProcessor
[ 850/1038  0s] CopyFiles Library/ScriptAssemblies/Unity.2D.SpriteShape.Editor.dll
[ 851/1038  0s] CopyFiles Library/ScriptAssemblies/Unity.2D.SpriteShape.Editor.pdb
[ 852/1038 21s] Csc Library/Bee/artifacts/2400b0aE.dag/Unity.RenderPipelines.Core.Runtime.dll (+2 others)
[           0s] Csc Library/Bee/artifacts/2400b0aE.dag/Unity.RenderPipelines.Core.Runtime.dll (+2 others) [CacheWrite 4e4771776c8e0a355372179a683c8ed300000000000000000000000000000006]
[           0s] Csc Library/Bee/artifacts/2400b0aE.dag/Unity.PathTracing.Runtime.dll (+2 others) [CacheMiss eeab9897be46d7622ea77d97544eff6c00000000000000000000000000000006]
[           0s] Csc Library/Bee/artifacts/2400b0aE.dag/Unity.RenderPipelines.GPUDriven.Runtime.dll (+2 others) [CacheMiss 5de320308d68cc7a95b27891345e388300000000000000000000000000000006]
[ 858/1038 13s] Csc Library/Bee/artifacts/2400b0aE.dag/Unity.VisualScripting.Flow.dll (+2 others)
[           0s] Csc Library/Bee/artifacts/2400b0aE.dag/Unity.VisualScripting.Flow.dll (+2 others) [CacheWrite f49d75a415102097f9311ebf3ba3415400000000000000000000000000000006]
[           0s] Csc Library/Bee/artifacts/2400b0aE.dag/Unity.RenderPipelines.Universal.Config.Runtime.dll (+2 others) [CacheMiss a1656c4371d17320c7bf4d37071685ea00000000000000000000000000000006]
[           0s] Csc Library/Bee/artifacts/2400b0aE.dag/Unity.RenderPipeline.Universal.ShaderLibrary.dll (+2 others) [CacheMiss f60b362ae2b431f2b1f69ab96101b05e00000000000000000000000000000006]
[           0s] Csc Library/Bee/artifacts/2400b0aE.dag/Unity.RenderPipelines.Core.Runtime.Shared.dll (+2 others) [CacheMiss 37dd35959528f090cc446caab56d3e3200000000000000000000000000000006]
[ 860/1038  0s] ILPostProcess Library/Bee/artifacts/2400b0aE.dag/post-processed/Unity.RenderPipelines.Core.Runtime.dll (+pdb)
Processing assembly Library/Bee/artifacts/2400b0aE.dag/Unity.RenderPipelines.Core.Runtime.dll, with 138 defines and 297 references
processors: Unity.Jobs.CodeGen.JobsILPostProcessor, zzzUnity.Burst.CodeGen.BurstILPostProcessor
running Unity.Jobs.CodeGen.JobsILPostProcessor
running zzzUnity.Burst.CodeGen.BurstILPostProcessor
[           0s] Csc Library/Bee/artifacts/2400b0aE.dag/Unity.VisualScripting.State.dll (+2 others) [CacheMiss 0f366186a90038e129a0a0cadbbc3fb700000000000000000000000000000006]
[ 863/1038  0s] Csc Library/Bee/artifacts/2400b0aE.dag/Unity.RenderPipelines.Universal.Config.Runtime.dll (+2 others)
[           0s] Csc Library/Bee/artifacts/2400b0aE.dag/Unity.RenderPipelines.Universal.Config.Runtime.dll (+2 others) [CacheWrite a1656c4371d17320c7bf4d37071685ea00000000000000000000000000000006]
[           0s] Csc Library/Bee/artifacts/2400b0aE.dag/Unity.TextMeshPro.Editor.dll (+2 others) [CacheMiss 548ec19770d661352d0c8626700ff03200000000000000000000000000000006]
[ 866/1038  1s] Csc Library/Bee/artifacts/2400b0aE.dag/Unity.RenderPipeline.Universal.ShaderLibrary.dll (+2 others)
[           0s] Csc Library/Bee/artifacts/2400b0aE.dag/Unity.RenderPipeline.Universal.ShaderLibrary.dll (+2 others) [CacheWrite f60b362ae2b431f2b1f69ab96101b05e00000000000000000000000000000006]
[           0s] Csc Library/Bee/artifacts/2400b0aE.dag/Unity.VisualScripting.DocCodeExamples.dll (+2 others) [CacheMiss c9c1ca54bbb5e91b90fd4f50bc5309c400000000000000000000000000000006]
[ 869/1038  1s] Csc Library/Bee/artifacts/2400b0aE.dag/Unity.RenderPipelines.Core.Runtime.Shared.dll (+2 others)
[ 870/1038 37s] Csc Library/Bee/artifacts/2400b0aE.dag/Unity.Burst.Editor.dll (+2 others)
[           0s] Csc Library/Bee/artifacts/2400b0aE.dag/Unity.RenderPipelines.Core.Runtime.Shared.dll (+2 others) [CacheWrite 37dd35959528f090cc446caab56d3e3200000000000000000000000000000006]
[           0s] Csc Library/Bee/artifacts/2400b0aE.dag/Unity.Burst.Editor.dll (+2 others) [CacheWrite 6af4fa7c4718f9d5c406272c116241e600000000000000000000000000000006]
[ 873/1038  0s] ILPostProcess Library/Bee/artifacts/2400b0aE.dag/post-processed/Unity.RenderPipeline.Universal.ShaderLibrary.dll (+pdb)
Processing assembly Library/Bee/artifacts/2400b0aE.dag/Unity.RenderPipeline.Universal.ShaderLibrary.dll, with 134 defines and 294 references
processors: Unity.Jobs.CodeGen.JobsILPostProcessor, zzzUnity.Burst.CodeGen.BurstILPostProcessor
running Unity.Jobs.CodeGen.JobsILPostProcessor
running zzzUnity.Burst.CodeGen.BurstILPostProcessor
[ 874/1038  0s] ILPostProcess Library/Bee/artifacts/2400b0aE.dag/post-processed/Unity.RenderPipelines.Core.Runtime.Shared.dll (+pdb)
Processing assembly Library/Bee/artifacts/2400b0aE.dag/Unity.RenderPipelines.Core.Runtime.Shared.dll, with 134 defines and 296 references
processors: Unity.Jobs.CodeGen.JobsILPostProcessor, zzzUnity.Burst.CodeGen.BurstILPostProcessor
running Unity.Jobs.CodeGen.JobsILPostProcessor
running zzzUnity.Burst.CodeGen.BurstILPostProcessor
[ 875/1038  0s] ILPostProcess Library/Bee/artifacts/2400b0aE.dag/post-processed/Unity.RenderPipelines.Universal.Config.Runtime.dll (+pdb)
Processing assembly Library/Bee/artifacts/2400b0aE.dag/Unity.RenderPipelines.Universal.Config.Runtime.dll, with 134 defines and 294 references
processors: Unity.Jobs.CodeGen.JobsILPostProcessor, zzzUnity.Burst.CodeGen.BurstILPostProcessor
running Unity.Jobs.CodeGen.JobsILPostProcessor
running zzzUnity.Burst.CodeGen.BurstILPostProcessor
[ 876/1038  0s] ILPostProcess Library/Bee/artifacts/2400b0aE.dag/post-processed/Unity.VisualScripting.Flow.dll (+pdb)
Processing assembly Library/Bee/artifacts/2400b0aE.dag/Unity.VisualScripting.Flow.dll, with 142 defines and 295 references
processors: Unity.Jobs.CodeGen.JobsILPostProcessor, zzzUnity.Burst.CodeGen.BurstILPostProcessor
running Unity.Jobs.CodeGen.JobsILPostProcessor
running zzzUnity.Burst.CodeGen.BurstILPostProcessor
[ 877/1038  0s] CopyFiles Library/ScriptAssemblies/Unity.VisualScripting.Flow.dll
[ 878/1038  0s] CopyFiles Library/ScriptAssemblies/Unity.RenderPipelines.Universal.Config.Runtime.dll
[ 879/1038  0s] CopyFiles Library/ScriptAssemblies/Unity.RenderPipelines.Core.Runtime.Shared.dll
[ 880/1038  0s] CopyFiles Library/ScriptAssemblies/Unity.RenderPipeline.Universal.ShaderLibrary.dll
[ 881/1038  0s] CopyFiles Library/ScriptAssemblies/Unity.RenderPipelines.Core.Runtime.dll
[ 882/1038  0s] CopyFiles Library/ScriptAssemblies/Unity.VisualScripting.Flow.pdb
[ 883/1038  0s] CopyFiles Library/ScriptAssemblies/Unity.RenderPipelines.Universal.Config.Runtime.pdb
[ 884/1038  0s] CopyFiles Library/ScriptAssemblies/Unity.RenderPipelines.Core.Runtime.Shared.pdb
[ 885/1038  0s] CopyFiles Library/ScriptAssemblies/Unity.RenderPipeline.Universal.ShaderLibrary.pdb
[ 886/1038  0s] CopyFiles Library/ScriptAssemblies/Unity.RenderPipelines.Core.Runtime.pdb
[ 887/1038  0s] ILPostProcess Library/Bee/artifacts/2400b0aE.dag/post-processed/Unity.Burst.Editor.dll (+pdb)
Processing assembly Library/Bee/artifacts/2400b0aE.dag/Unity.Burst.Editor.dll, with 132 defines and 305 references
processors: Unity.Jobs.CodeGen.JobsILPostProcessor, zzzUnity.Burst.CodeGen.BurstILPostProcessor
running Unity.Jobs.CodeGen.JobsILPostProcessor
running zzzUnity.Burst.CodeGen.BurstILPostProcessor
[ 888/1038  0s] CopyFiles Library/ScriptAssemblies/Unity.Burst.Editor.pdb
[ 889/1038  0s] CopyFiles Library/ScriptAssemblies/Unity.Burst.Editor.dll
[ 890/1038  1s] Csc Library/Bee/artifacts/2400b0aE.dag/Unity.VisualScripting.DocCodeExamples.dll (+2 others)
[           0s] Csc Library/Bee/artifacts/2400b0aE.dag/Unity.VisualScripting.DocCodeExamples.dll (+2 others) [CacheWrite c9c1ca54bbb5e91b90fd4f50bc5309c400000000000000000000000000000006]
[ 891/1038  0s] ILPostProcess Library/Bee/artifacts/2400b0aE.dag/post-processed/Unity.VisualScripting.DocCodeExamples.dll (+pdb)
Processing assembly Library/Bee/artifacts/2400b0aE.dag/Unity.VisualScripting.DocCodeExamples.dll, with 134 defines and 281 references
processors: Unity.Jobs.CodeGen.JobsILPostProcessor, zzzUnity.Burst.CodeGen.BurstILPostProcessor
running Unity.Jobs.CodeGen.JobsILPostProcessor
running zzzUnity.Burst.CodeGen.BurstILPostProcessor
[ 892/1038  0s] CopyFiles Library/ScriptAssemblies/Unity.VisualScripting.DocCodeExamples.pdb
[ 893/1038  0s] CopyFiles Library/ScriptAssemblies/Unity.VisualScripting.DocCodeExamples.dll
[ 894/1038  2s] Csc Library/Bee/artifacts/2400b0aE.dag/Unity.VisualScripting.State.dll (+2 others)
[           0s] Csc Library/Bee/artifacts/2400b0aE.dag/Unity.VisualScripting.State.dll (+2 others) [CacheWrite 0f366186a90038e129a0a0cadbbc3fb700000000000000000000000000000006]
[ 896/1038  3s] Csc Library/Bee/artifacts/2400b0aE.dag/Unity.PathTracing.Runtime.dll (+2 others)
[           0s] Csc Library/Bee/artifacts/2400b0aE.dag/Unity.PathTracing.Runtime.dll (+2 others) [CacheWrite eeab9897be46d7622ea77d97544eff6c00000000000000000000000000000006]
[           0s] Csc Library/Bee/artifacts/2400b0aE.dag/Unity.SurfaceCache.Runtime.dll (+2 others) [CacheMiss 389274fd2de5bfbfa0be1943159076b600000000000000000000000000000006]
[           0s] Csc Library/Bee/artifacts/2400b0aE.dag/Unity.PathTracing.Editor.dll (+2 others) [CacheMiss 103b0704f40a165fac29bcc698ab785a00000000000000000000000000000006]
[ 900/1038  0s] ILPostProcess Library/Bee/artifacts/2400b0aE.dag/post-processed/Unity.VisualScripting.State.dll (+pdb)
Processing assembly Library/Bee/artifacts/2400b0aE.dag/Unity.VisualScripting.State.dll, with 134 defines and 295 references
processors: Unity.Jobs.CodeGen.JobsILPostProcessor, zzzUnity.Burst.CodeGen.BurstILPostProcessor
running Unity.Jobs.CodeGen.JobsILPostProcessor
running zzzUnity.Burst.CodeGen.BurstILPostProcessor
[ 901/1038  0s] CopyFiles Library/ScriptAssemblies/Unity.VisualScripting.State.dll
[ 902/1038  0s] CopyFiles Library/ScriptAssemblies/Unity.VisualScripting.State.pdb
[ 903/1038  0s] ILPostProcess Library/Bee/artifacts/2400b0aE.dag/post-processed/Unity.PathTracing.Runtime.dll (+pdb)
Processing assembly Library/Bee/artifacts/2400b0aE.dag/Unity.PathTracing.Runtime.dll, with 135 defines and 297 references
processors: Unity.Jobs.CodeGen.JobsILPostProcessor, zzzUnity.Burst.CodeGen.BurstILPostProcessor
running Unity.Jobs.CodeGen.JobsILPostProcessor
running zzzUnity.Burst.CodeGen.BurstILPostProcessor
[ 904/1038  0s] CopyFiles Library/ScriptAssemblies/Unity.PathTracing.Runtime.dll
[ 905/1038  0s] CopyFiles Library/ScriptAssemblies/Unity.PathTracing.Runtime.pdb
[ 906/1038 16s] Csc Library/Bee/artifacts/2400b0aE.dag/Unity.VisualScripting.Core.Editor.dll (+2 others)
[           0s] Csc Library/Bee/artifacts/2400b0aE.dag/Unity.VisualScripting.Core.Editor.dll (+2 others) [CacheWrite 18a44b9c4051d8102df0f8fdff19b90f00000000000000000000000000000006]
[           0s] Csc Library/Bee/artifacts/2400b0aE.dag/Unity.VisualScripting.Flow.Editor.dll (+2 others) [CacheMiss fe64056cd59402861d67cc10dc400d6200000000000000000000000000000006]
[ 909/1038  0s] ILPostProcess Library/Bee/artifacts/2400b0aE.dag/post-processed/Unity.VisualScripting.Core.Editor.dll (+pdb)
Processing assembly Library/Bee/artifacts/2400b0aE.dag/Unity.VisualScripting.Core.Editor.dll, with 132 defines and 305 references
processors: Unity.Jobs.CodeGen.JobsILPostProcessor, zzzUnity.Burst.CodeGen.BurstILPostProcessor
running Unity.Jobs.CodeGen.JobsILPostProcessor
running zzzUnity.Burst.CodeGen.BurstILPostProcessor
[ 910/1038  0s] CopyFiles Library/ScriptAssemblies/Unity.VisualScripting.Core.Editor.pdb
[ 911/1038  0s] CopyFiles Library/ScriptAssemblies/Unity.VisualScripting.Core.Editor.dll
[ 912/1038  0s] Csc Library/Bee/artifacts/2400b0aE.dag/Unity.SurfaceCache.Runtime.dll (+2 others)
[           0s] Csc Library/Bee/artifacts/2400b0aE.dag/Unity.SurfaceCache.Runtime.dll (+2 others) [CacheWrite 389274fd2de5bfbfa0be1943159076b600000000000000000000000000000006]
[ 914/1038  0s] ILPostProcess Library/Bee/artifacts/2400b0aE.dag/post-processed/Unity.SurfaceCache.Runtime.dll (+pdb)
Processing assembly Library/Bee/artifacts/2400b0aE.dag/Unity.SurfaceCache.Runtime.dll, with 134 defines and 297 references
processors: Unity.Jobs.CodeGen.JobsILPostProcessor, zzzUnity.Burst.CodeGen.BurstILPostProcessor
running Unity.Jobs.CodeGen.JobsILPostProcessor
running zzzUnity.Burst.CodeGen.BurstILPostProcessor
[ 915/1038  0s] CopyFiles Library/ScriptAssemblies/Unity.SurfaceCache.Runtime.dll
[ 916/1038  0s] CopyFiles Library/ScriptAssemblies/Unity.SurfaceCache.Runtime.pdb
[ 917/1038  4s] Csc Library/Bee/artifacts/2400b0aE.dag/Unity.RenderPipelines.GPUDriven.Runtime.dll (+2 others)
[           0s] Csc Library/Bee/artifacts/2400b0aE.dag/Unity.RenderPipelines.GPUDriven.Runtime.dll (+2 others) [CacheWrite 5de320308d68cc7a95b27891345e388300000000000000000000000000000006]
[           0s] Csc Library/Bee/artifacts/2400b0aE.dag/Unity.RenderPipelines.Universal.Runtime.dll (+2 others) [CacheMiss 3cfc2c7ac18d5bdbf66a1078dfd7084200000000000000000000000000000006]
[ 920/1038  1s] ILPostProcess Library/Bee/artifacts/2400b0aE.dag/post-processed/Unity.RenderPipelines.GPUDriven.Runtime.dll (+pdb)
Processing assembly Library/Bee/artifacts/2400b0aE.dag/Unity.RenderPipelines.GPUDriven.Runtime.dll, with 134 defines and 297 references
processors: Unity.Jobs.CodeGen.JobsILPostProcessor, zzzUnity.Burst.CodeGen.BurstILPostProcessor
running Unity.Jobs.CodeGen.JobsILPostProcessor
running zzzUnity.Burst.CodeGen.BurstILPostProcessor
[ 921/1038  0s] CopyFiles Library/ScriptAssemblies/Unity.RenderPipelines.GPUDriven.Runtime.pdb
[ 922/1038  0s] CopyFiles Library/ScriptAssemblies/Unity.RenderPipelines.GPUDriven.Runtime.dll
[ 923/1038  5s] Csc Library/Bee/artifacts/2400b0aE.dag/Unity.TextMeshPro.Editor.dll (+2 others)
[           0s] Csc Library/Bee/artifacts/2400b0aE.dag/Unity.TextMeshPro.Editor.dll (+2 others) [CacheWrite 548ec19770d661352d0c8626700ff03200000000000000000000000000000006]
[ 925/1038  0s] ILPostProcess Library/Bee/artifacts/2400b0aE.dag/post-processed/Unity.TextMeshPro.Editor.dll (+pdb)
Processing assembly Library/Bee/artifacts/2400b0aE.dag/Unity.TextMeshPro.Editor.dll, with 132 defines and 306 references
processors: Unity.Jobs.CodeGen.JobsILPostProcessor, zzzUnity.Burst.CodeGen.BurstILPostProcessor
running Unity.Jobs.CodeGen.JobsILPostProcessor
running zzzUnity.Burst.CodeGen.BurstILPostProcessor
[ 926/1038  0s] CopyFiles Library/ScriptAssemblies/Unity.TextMeshPro.Editor.pdb
[ 927/1038  0s] CopyFiles Library/ScriptAssemblies/Unity.TextMeshPro.Editor.dll
[ 928/1038  2s] Csc Library/Bee/artifacts/2400b0aE.dag/Unity.PathTracing.Editor.dll (+2 others)
[           0s] Csc Library/Bee/artifacts/2400b0aE.dag/Unity.PathTracing.Editor.dll (+2 others) [CacheWrite 103b0704f40a165fac29bcc698ab785a00000000000000000000000000000006]
[ 931/1038  0s] ILPostProcess Library/Bee/artifacts/2400b0aE.dag/post-processed/Unity.PathTracing.Editor.dll (+pdb)
Processing assembly Library/Bee/artifacts/2400b0aE.dag/Unity.PathTracing.Editor.dll, with 133 defines and 308 references
processors: Unity.Jobs.CodeGen.JobsILPostProcessor, zzzUnity.Burst.CodeGen.BurstILPostProcessor
running Unity.Jobs.CodeGen.JobsILPostProcessor
running zzzUnity.Burst.CodeGen.BurstILPostProcessor
[           0s] Csc Library/Bee/artifacts/2400b0aE.dag/Unity.RenderPipelines.Core.Editor.dll (+2 others) [CacheMiss c72b655c3cb097bb921d36e0f6cfa36200000000000000000000000000000006]
[ 932/1038  0s] CopyFiles Library/ScriptAssemblies/Unity.PathTracing.Editor.pdb
[ 933/1038  0s] CopyFiles Library/ScriptAssemblies/Unity.PathTracing.Editor.dll
[ 934/1038  3s] Csc Library/Bee/artifacts/2400b0aE.dag/Unity.VisualScripting.Flow.Editor.dll (+2 others)
[           0s] Csc Library/Bee/artifacts/2400b0aE.dag/Unity.VisualScripting.Flow.Editor.dll (+2 others) [CacheWrite fe64056cd59402861d67cc10dc400d6200000000000000000000000000000006]
[           0s] Csc Library/Bee/artifacts/2400b0aE.dag/Unity.VisualScripting.State.Editor.dll (+2 others) [CacheMiss 542197622e4a6ff5ddd8f975e6e9337100000000000000000000000000000006]
[           0s] Csc Library/Bee/artifacts/2400b0aE.dag/Unity.VisualScripting.SettingsProvider.Editor.dll (+2 others) [CacheMiss 9ef330a9b973cb3e9d4043b7787cbc1e00000000000000000000000000000006]
[ 938/1038  0s] ILPostProcess Library/Bee/artifacts/2400b0aE.dag/post-processed/Unity.VisualScripting.Flow.Editor.dll (+pdb)
Processing assembly Library/Bee/artifacts/2400b0aE.dag/Unity.VisualScripting.Flow.Editor.dll, with 134 defines and 308 references
processors: Unity.Jobs.CodeGen.JobsILPostProcessor, zzzUnity.Burst.CodeGen.BurstILPostProcessor
running Unity.Jobs.CodeGen.JobsILPostProcessor
running zzzUnity.Burst.CodeGen.BurstILPostProcessor
[ 939/1038  0s] CopyFiles Library/ScriptAssemblies/Unity.VisualScripting.Flow.Editor.pdb
[ 940/1038  0s] CopyFiles Library/ScriptAssemblies/Unity.VisualScripting.Flow.Editor.dll
[ 941/1038  1s] Csc Library/Bee/artifacts/2400b0aE.dag/Unity.VisualScripting.SettingsProvider.Editor.dll (+2 others)
[           0s] Csc Library/Bee/artifacts/2400b0aE.dag/Unity.VisualScripting.SettingsProvider.Editor.dll (+2 others) [CacheWrite 9ef330a9b973cb3e9d4043b7787cbc1e00000000000000000000000000000006]
[ 943/1038  0s] ILPostProcess Library/Bee/artifacts/2400b0aE.dag/post-processed/Unity.VisualScripting.SettingsProvider.Editor.dll (+pdb)
Processing assembly Library/Bee/artifacts/2400b0aE.dag/Unity.VisualScripting.SettingsProvider.Editor.dll, with 132 defines and 309 references
processors: Unity.Jobs.CodeGen.JobsILPostProcessor, zzzUnity.Burst.CodeGen.BurstILPostProcessor
running Unity.Jobs.CodeGen.JobsILPostProcessor
running zzzUnity.Burst.CodeGen.BurstILPostProcessor
[ 944/1038  0s] CopyFiles Library/ScriptAssemblies/Unity.VisualScripting.SettingsProvider.Editor.pdb
[ 945/1038  0s] CopyFiles Library/ScriptAssemblies/Unity.VisualScripting.SettingsProvider.Editor.dll
[ 946/1038  1s] Csc Library/Bee/artifacts/2400b0aE.dag/Unity.VisualScripting.State.Editor.dll (+2 others)
[           0s] Csc Library/Bee/artifacts/2400b0aE.dag/Unity.VisualScripting.State.Editor.dll (+2 others) [CacheWrite 542197622e4a6ff5ddd8f975e6e9337100000000000000000000000000000006]
[           0s] Csc Library/Bee/artifacts/2400b0aE.dag/Unity.VisualScripting.Shared.Editor.dll (+2 others) [CacheMiss f7b148387de79d693428d083e385710e00000000000000000000000000000006]
[ 949/1038  1s] ILPostProcess Library/Bee/artifacts/2400b0aE.dag/post-processed/Unity.VisualScripting.State.Editor.dll (+pdb)
Processing assembly Library/Bee/artifacts/2400b0aE.dag/Unity.VisualScripting.State.Editor.dll, with 132 defines and 309 references
processors: Unity.Jobs.CodeGen.JobsILPostProcessor, zzzUnity.Burst.CodeGen.BurstILPostProcessor
running Unity.Jobs.CodeGen.JobsILPostProcessor
running zzzUnity.Burst.CodeGen.BurstILPostProcessor
[ 950/1038  0s] CopyFiles Library/ScriptAssemblies/Unity.VisualScripting.State.Editor.pdb
[ 951/1038  0s] CopyFiles Library/ScriptAssemblies/Unity.VisualScripting.State.Editor.dll
[ 952/1038  1s] Csc Library/Bee/artifacts/2400b0aE.dag/Unity.VisualScripting.Shared.Editor.dll (+2 others)
[           0s] Csc Library/Bee/artifacts/2400b0aE.dag/Unity.VisualScripting.Shared.Editor.dll (+2 others) [CacheWrite f7b148387de79d693428d083e385710e00000000000000000000000000000006]
[ 954/1038  0s] ILPostProcess Library/Bee/artifacts/2400b0aE.dag/post-processed/Unity.VisualScripting.Shared.Editor.dll (+pdb)
Processing assembly Library/Bee/artifacts/2400b0aE.dag/Unity.VisualScripting.Shared.Editor.dll, with 132 defines and 310 references
processors: Unity.Jobs.CodeGen.JobsILPostProcessor, zzzUnity.Burst.CodeGen.BurstILPostProcessor
running Unity.Jobs.CodeGen.JobsILPostProcessor
running zzzUnity.Burst.CodeGen.BurstILPostProcessor
[ 955/1038  0s] CopyFiles Library/ScriptAssemblies/Unity.VisualScripting.Shared.Editor.pdb
[ 956/1038  0s] CopyFiles Library/ScriptAssemblies/Unity.VisualScripting.Shared.Editor.dll
[ 957/1038  9s] Csc Library/Bee/artifacts/2400b0aE.dag/Unity.RenderPipelines.Universal.Runtime.dll (+2 others)
[           0s] Csc Library/Bee/artifacts/2400b0aE.dag/Unity.RenderPipelines.Universal.Runtime.dll (+2 others) [CacheWrite 3cfc2c7ac18d5bdbf66a1078dfd7084200000000000000000000000000000006]
[           0s] Csc Library/Bee/artifacts/2400b0aE.dag/Unity.2D.Animation.Runtime.dll (+2 others) [CacheMiss 108f2c99542248144ede8a4aca71fb6f00000000000000000000000000000006]
[ 960/1038  0s] ILPostProcess Library/Bee/artifacts/2400b0aE.dag/post-processed/Unity.RenderPipelines.Universal.Runtime.dll (+pdb)
Processing assembly Library/Bee/artifacts/2400b0aE.dag/Unity.RenderPipelines.Universal.Runtime.dll, with 141 defines and 303 references
processors: Unity.Jobs.CodeGen.JobsILPostProcessor, zzzUnity.Burst.CodeGen.BurstILPostProcessor
running Unity.Jobs.CodeGen.JobsILPostProcessor
running zzzUnity.Burst.CodeGen.BurstILPostProcessor
[ 961/1038  0s] CopyFiles Library/ScriptAssemblies/Unity.RenderPipelines.Universal.Runtime.dll
[ 962/1038  0s] CopyFiles Library/ScriptAssemblies/Unity.RenderPipelines.Universal.Runtime.pdb
[ 963/1038  7s] Csc Library/Bee/artifacts/2400b0aE.dag/Unity.RenderPipelines.Core.Editor.dll (+2 others)
[           0s] Csc Library/Bee/artifacts/2400b0aE.dag/Unity.RenderPipelines.Core.Editor.dll (+2 others) [CacheWrite c72b655c3cb097bb921d36e0f6cfa36200000000000000000000000000000006]
[           0s] Csc Library/Bee/artifacts/2400b0aE.dag/Unity.ShaderGraph.Editor.dll (+2 others) [CacheMiss 1981734f3ab143080120a9f635da858800000000000000000000000000000006]
[ 967/1038  1s] Csc Library/Bee/artifacts/2400b0aE.dag/Unity.2D.Animation.Runtime.dll (+2 others)
[           0s] Csc Library/Bee/artifacts/2400b0aE.dag/Unity.2D.Animation.Runtime.dll (+2 others) [CacheWrite 108f2c99542248144ede8a4aca71fb6f00000000000000000000000000000006]
[           0s] Csc Library/Bee/artifacts/2400b0aE.dag/Unity.RenderPipelines.Core.Editor.Shared.dll (+2 others) [CacheMiss 0075b63c49048a90309079937069d58500000000000000000000000000000006]
[           0s] Csc Library/Bee/artifacts/2400b0aE.dag/Unity.2D.Animation.Editor.dll (+2 others) [CacheMiss 478fee322ab9b280712e25d223cf23d000000000000000000000000000000006]
[           0s] Csc Library/Bee/artifacts/2400b0aE.dag/Unity.RenderPipelines.Universal.2D.Runtime.dll (+2 others) [CacheMiss 667f848b4f2b329090471ec5d772d28800000000000000000000000000000006]
[ 972/1038  0s] ILPostProcess Library/Bee/artifacts/2400b0aE.dag/post-processed/Unity.RenderPipelines.Core.Editor.dll (+pdb)
Processing assembly Library/Bee/artifacts/2400b0aE.dag/Unity.RenderPipelines.Core.Editor.dll, with 135 defines and 313 references
processors: Unity.Jobs.CodeGen.JobsILPostProcessor, zzzUnity.Burst.CodeGen.BurstILPostProcessor
running Unity.Jobs.CodeGen.JobsILPostProcessor
running zzzUnity.Burst.CodeGen.BurstILPostProcessor
[           0s] Csc Library/Bee/artifacts/2400b0aE.dag/Unity.2D.IK.Runtime.dll (+2 others) [CacheMiss 96945645d71a0140972502df97b4106100000000000000000000000000000006]
[ 973/1038  0s] CopyFiles Library/ScriptAssemblies/Unity.RenderPipelines.Core.Editor.pdb
[ 974/1038  0s] CopyFiles Library/ScriptAssemblies/Unity.RenderPipelines.Core.Editor.dll
[ 975/1038  0s] ILPostProcess Library/Bee/artifacts/2400b0aE.dag/post-processed/Unity.2D.Animation.Runtime.dll (+pdb)
Processing assembly Library/Bee/artifacts/2400b0aE.dag/Unity.2D.Animation.Runtime.dll, with 136 defines and 299 references
processors: Unity.Jobs.CodeGen.JobsILPostProcessor, zzzUnity.Burst.CodeGen.BurstILPostProcessor
running Unity.Jobs.CodeGen.JobsILPostProcessor
running zzzUnity.Burst.CodeGen.BurstILPostProcessor
[ 976/1038  0s] CopyFiles Library/ScriptAssemblies/Unity.2D.Animation.Runtime.dll
[ 977/1038  0s] CopyFiles Library/ScriptAssemblies/Unity.2D.Animation.Runtime.pdb
[ 978/1038  0s] Csc Library/Bee/artifacts/2400b0aE.dag/Unity.2D.IK.Runtime.dll (+2 others)
[           0s] Csc Library/Bee/artifacts/2400b0aE.dag/Unity.2D.IK.Runtime.dll (+2 others) [CacheWrite 96945645d71a0140972502df97b4106100000000000000000000000000000006]
[ 980/1038  0s] ILPostProcess Library/Bee/artifacts/2400b0aE.dag/post-processed/Unity.2D.IK.Runtime.dll (+pdb)
Processing assembly Library/Bee/artifacts/2400b0aE.dag/Unity.2D.IK.Runtime.dll, with 134 defines and 297 references
processors: Unity.Jobs.CodeGen.JobsILPostProcessor, zzzUnity.Burst.CodeGen.BurstILPostProcessor
running Unity.Jobs.CodeGen.JobsILPostProcessor
running zzzUnity.Burst.CodeGen.BurstILPostProcessor
[ 981/1038  0s] CopyFiles Library/ScriptAssemblies/Unity.2D.IK.Runtime.dll
[ 982/1038  0s] CopyFiles Library/ScriptAssemblies/Unity.2D.IK.Runtime.pdb
[ 983/1038  1s] Csc Library/Bee/artifacts/2400b0aE.dag/Unity.RenderPipelines.Core.Editor.Shared.dll (+2 others)
[           0s] Csc Library/Bee/artifacts/2400b0aE.dag/Unity.RenderPipelines.Core.Editor.Shared.dll (+2 others) [CacheWrite 0075b63c49048a90309079937069d58500000000000000000000000000000006]
[ 985/1038  0s] ILPostProcess Library/Bee/artifacts/2400b0aE.dag/post-processed/Unity.RenderPipelines.Core.Editor.Shared.dll (+pdb)
Processing assembly Library/Bee/artifacts/2400b0aE.dag/Unity.RenderPipelines.Core.Editor.Shared.dll, with 132 defines and 311 references
processors: Unity.Jobs.CodeGen.JobsILPostProcessor, zzzUnity.Burst.CodeGen.BurstILPostProcessor
running Unity.Jobs.CodeGen.JobsILPostProcessor
running zzzUnity.Burst.CodeGen.BurstILPostProcessor
[ 986/1038  0s] CopyFiles Library/ScriptAssemblies/Unity.RenderPipelines.Core.Editor.Shared.dll
[ 987/1038  0s] CopyFiles Library/ScriptAssemblies/Unity.RenderPipelines.Core.Editor.Shared.pdb
[ 988/1038  3s] Csc Library/Bee/artifacts/2400b0aE.dag/Unity.RenderPipelines.Universal.2D.Runtime.dll (+2 others)
[           0s] Csc Library/Bee/artifacts/2400b0aE.dag/Unity.RenderPipelines.Universal.2D.Runtime.dll (+2 others) [CacheWrite 667f848b4f2b329090471ec5d772d28800000000000000000000000000000006]
[           0s] Csc Library/Bee/artifacts/2400b0aE.dag/Unity.2D.Aseprite.Editor.dll (+2 others) [CacheMiss ead30fd7613a28752cd2b085dc4f1e4300000000000000000000000000000006]
[ 991/1038  1s] ILPostProcess Library/Bee/artifacts/2400b0aE.dag/post-processed/Unity.RenderPipelines.Universal.2D.Runtime.dll (+pdb)
Processing assembly Library/Bee/artifacts/2400b0aE.dag/Unity.RenderPipelines.Universal.2D.Runtime.dll, with 140 defines and 301 references
processors: Unity.Jobs.CodeGen.JobsILPostProcessor, zzzUnity.Burst.CodeGen.BurstILPostProcessor
running Unity.Jobs.CodeGen.JobsILPostProcessor
running zzzUnity.Burst.CodeGen.BurstILPostProcessor
[ 992/1038  0s] CopyFiles Library/ScriptAssemblies/Unity.RenderPipelines.Universal.2D.Runtime.dll
[ 993/1038  0s] CopyFiles Library/ScriptAssemblies/Unity.RenderPipelines.Universal.2D.Runtime.pdb
[ 994/1038  2s] Csc Library/Bee/artifacts/2400b0aE.dag/Unity.2D.Aseprite.Editor.dll (+2 others)
[           0s] Csc Library/Bee/artifacts/2400b0aE.dag/Unity.2D.Aseprite.Editor.dll (+2 others) [CacheWrite ead30fd7613a28752cd2b085dc4f1e4300000000000000000000000000000006]
[ 996/1038  0s] ILPostProcess Library/Bee/artifacts/2400b0aE.dag/post-processed/Unity.2D.Aseprite.Editor.dll (+pdb)
Processing assembly Library/Bee/artifacts/2400b0aE.dag/Unity.2D.Aseprite.Editor.dll, with 134 defines and 314 references
processors: Unity.Jobs.CodeGen.JobsILPostProcessor, zzzUnity.Burst.CodeGen.BurstILPostProcessor
running Unity.Jobs.CodeGen.JobsILPostProcessor
running zzzUnity.Burst.CodeGen.BurstILPostProcessor
[ 997/1038  0s] CopyFiles Library/ScriptAssemblies/Unity.2D.Aseprite.Editor.pdb
[ 998/1038  0s] CopyFiles Library/ScriptAssemblies/Unity.2D.Aseprite.Editor.dll
[ 999/1038  6s] Csc Library/Bee/artifacts/2400b0aE.dag/Unity.2D.Animation.Editor.dll (+2 others)
[           0s] Csc Library/Bee/artifacts/2400b0aE.dag/Unity.2D.Animation.Editor.dll (+2 others) [CacheWrite 478fee322ab9b280712e25d223cf23d000000000000000000000000000000006]
[           0s] Csc Library/Bee/artifacts/2400b0aE.dag/Unity.2D.IK.Editor.dll (+2 others) [CacheMiss 35b64f850b0177647372b231852bc87300000000000000000000000000000006]
[           0s] Csc Library/Bee/artifacts/2400b0aE.dag/Unity.2D.Psdimporter.Editor.dll (+2 others) [CacheMiss 4dba43a2695d763e3d77d4b103fcd52500000000000000000000000000000006]
[1003/1038  3s] ILPostProcess Library/Bee/artifacts/2400b0aE.dag/post-processed/Unity.2D.Animation.Editor.dll (+pdb)
Processing assembly Library/Bee/artifacts/2400b0aE.dag/Unity.2D.Animation.Editor.dll, with 134 defines and 314 references
processors: Unity.Jobs.CodeGen.JobsILPostProcessor, zzzUnity.Burst.CodeGen.BurstILPostProcessor
running Unity.Jobs.CodeGen.JobsILPostProcessor
running zzzUnity.Burst.CodeGen.BurstILPostProcessor
[1004/1038  0s] CopyFiles Library/ScriptAssemblies/Unity.2D.Animation.Editor.dll
[1005/1038  0s] CopyFiles Library/ScriptAssemblies/Unity.2D.Animation.Editor.pdb
[1006/1038  4s] Csc Library/Bee/artifacts/2400b0aE.dag/Unity.2D.IK.Editor.dll (+2 others)
[           0s] Csc Library/Bee/artifacts/2400b0aE.dag/Unity.2D.IK.Editor.dll (+2 others) [CacheWrite 35b64f850b0177647372b231852bc87300000000000000000000000000000006]
[1008/1038  0s] ILPostProcess Library/Bee/artifacts/2400b0aE.dag/post-processed/Unity.2D.IK.Editor.dll (+pdb)
Processing assembly Library/Bee/artifacts/2400b0aE.dag/Unity.2D.IK.Editor.dll, with 132 defines and 311 references
processors: Unity.Jobs.CodeGen.JobsILPostProcessor, zzzUnity.Burst.CodeGen.BurstILPostProcessor
running Unity.Jobs.CodeGen.JobsILPostProcessor
running zzzUnity.Burst.CodeGen.BurstILPostProcessor
[1009/1038  0s] CopyFiles Library/ScriptAssemblies/Unity.2D.IK.Editor.dll
[1010/1038  0s] CopyFiles Library/ScriptAssemblies/Unity.2D.IK.Editor.pdb
[1011/1038  5s] Csc Library/Bee/artifacts/2400b0aE.dag/Unity.2D.Psdimporter.Editor.dll (+2 others)
[           0s] Csc Library/Bee/artifacts/2400b0aE.dag/Unity.2D.Psdimporter.Editor.dll (+2 others) [CacheWrite 4dba43a2695d763e3d77d4b103fcd52500000000000000000000000000000006]
[1013/1038  0s] ILPostProcess Library/Bee/artifacts/2400b0aE.dag/post-processed/Unity.2D.Psdimporter.Editor.dll (+pdb)
Processing assembly Library/Bee/artifacts/2400b0aE.dag/Unity.2D.Psdimporter.Editor.dll, with 134 defines and 314 references
processors: Unity.Jobs.CodeGen.JobsILPostProcessor, zzzUnity.Burst.CodeGen.BurstILPostProcessor
running Unity.Jobs.CodeGen.JobsILPostProcessor
running zzzUnity.Burst.CodeGen.BurstILPostProcessor
[1014/1038  0s] CopyFiles Library/ScriptAssemblies/Unity.2D.Psdimporter.Editor.pdb
[1015/1038  0s] CopyFiles Library/ScriptAssemblies/Unity.2D.Psdimporter.Editor.dll
[1016/1038 14s] Csc Library/Bee/artifacts/2400b0aE.dag/Unity.ShaderGraph.Editor.dll (+2 others)
[           0s] Csc Library/Bee/artifacts/2400b0aE.dag/Unity.ShaderGraph.Editor.dll (+2 others) [CacheWrite 1981734f3ab143080120a9f635da858800000000000000000000000000000006]
[           0s] Csc Library/Bee/artifacts/2400b0aE.dag/Unity.RenderPipelines.Universal.Editor.dll (+2 others) [CacheMiss 84b3f8526b11e3afb2ec7dee5457c4a700000000000000000000000000000006]
[           0s] Csc Library/Bee/artifacts/2400b0aE.dag/Unity.RenderPipelines.Universal.2D.Editor.Overrides.dll (+2 others) [CacheMiss 1f34f4cac38f09b9a897dedecb526a4800000000000000000000000000000006]
[1020/1038  0s] ILPostProcess Library/Bee/artifacts/2400b0aE.dag/post-processed/Unity.ShaderGraph.Editor.dll (+pdb)
Processing assembly Library/Bee/artifacts/2400b0aE.dag/Unity.ShaderGraph.Editor.dll, with 132 defines and 309 references
processors: Unity.Jobs.CodeGen.JobsILPostProcessor, zzzUnity.Burst.CodeGen.BurstILPostProcessor
running Unity.Jobs.CodeGen.JobsILPostProcessor
running zzzUnity.Burst.CodeGen.BurstILPostProcessor
[1021/1038  0s] CopyFiles Library/ScriptAssemblies/Unity.ShaderGraph.Editor.pdb
[1022/1038  0s] CopyFiles Library/ScriptAssemblies/Unity.ShaderGraph.Editor.dll
[1023/1038  0s] Csc Library/Bee/artifacts/2400b0aE.dag/Unity.RenderPipelines.Universal.2D.Editor.Overrides.dll (+2 others)
[           0s] Csc Library/Bee/artifacts/2400b0aE.dag/Unity.RenderPipelines.Universal.2D.Editor.Overrides.dll (+2 others) [CacheWrite 1f34f4cac38f09b9a897dedecb526a4800000000000000000000000000000006]
[1025/1038  0s] ILPostProcess Library/Bee/artifacts/2400b0aE.dag/post-processed/Unity.RenderPipelines.Universal.2D.Editor.Overrides.dll (+pdb)
Processing assembly Library/Bee/artifacts/2400b0aE.dag/Unity.RenderPipelines.Universal.2D.Editor.Overrides.dll, with 134 defines and 314 references
processors: Unity.Jobs.CodeGen.JobsILPostProcessor, zzzUnity.Burst.CodeGen.BurstILPostProcessor
running Unity.Jobs.CodeGen.JobsILPostProcessor
running zzzUnity.Burst.CodeGen.BurstILPostProcessor
[1026/1038  0s] CopyFiles Library/ScriptAssemblies/Unity.RenderPipelines.Universal.2D.Editor.Overrides.dll
[1027/1038  0s] CopyFiles Library/ScriptAssemblies/Unity.RenderPipelines.Universal.2D.Editor.Overrides.pdb
[1028/1038  4s] Csc Library/Bee/artifacts/2400b0aE.dag/Unity.RenderPipelines.Universal.Editor.dll (+2 others)
[           0s] Csc Library/Bee/artifacts/2400b0aE.dag/Unity.RenderPipelines.Universal.Editor.dll (+2 others) [CacheWrite 84b3f8526b11e3afb2ec7dee5457c4a700000000000000000000000000000006]
[1031/1038  0s] ILPostProcess Library/Bee/artifacts/2400b0aE.dag/post-processed/Unity.RenderPipelines.Universal.Editor.dll (+pdb)
Processing assembly Library/Bee/artifacts/2400b0aE.dag/Unity.RenderPipelines.Universal.Editor.dll, with 136 defines and 319 references
processors: Unity.Jobs.CodeGen.JobsILPostProcessor, zzzUnity.Burst.CodeGen.BurstILPostProcessor
running Unity.Jobs.CodeGen.JobsILPostProcessor
running zzzUnity.Burst.CodeGen.BurstILPostProcessor
[1032/1038  0s] CopyFiles Library/ScriptAssemblies/Unity.RenderPipelines.Universal.Editor.pdb
[1033/1038  0s] CopyFiles Library/ScriptAssemblies/Unity.RenderPipelines.Universal.Editor.dll
[1034/1038  0s] Csc Library/Bee/artifacts/2400b0aE.dag/Assembly-CSharp.dll (+2 others)
[1035/1038  0s] ILPostProcess Library/Bee/artifacts/2400b0aE.dag/post-processed/Assembly-CSharp.dll (+pdb)
Processing assembly Library/Bee/artifacts/2400b0aE.dag/Assembly-CSharp.dll, with 134 defines and 353 references
processors: Unity.Jobs.CodeGen.JobsILPostProcessor, zzzUnity.Burst.CodeGen.BurstILPostProcessor
running Unity.Jobs.CodeGen.JobsILPostProcessor
running zzzUnity.Burst.CodeGen.BurstILPostProcessor
[1036/1038  0s] CopyFiles Library/ScriptAssemblies/Assembly-CSharp.dll
[1037/1038  0s] CopyFiles Library/ScriptAssemblies/Assembly-CSharp.pdb
*** Tundra build success (91.97 seconds - 0:01:31), 440 items updated, 1038 evaluated
AssetDatabase: script compilation time: 99,366313s
Total cache size 129192388
Total cache size after purge 129192388, took 00:00:00.0836295
[Licensing::Client] Successfully resolved entitlement details
[Licensing::Module] License group:
  Id: F4-BECS-ZC8W-Y4G5-T7U3-XXXX
  Product: Unity Personal
  Type: ULF
  Expiration: Unlimited
[Licensing::Module] License group:
  Id: 4674239138592-UnityPersXXXX
  Product: Unity Personal
  Type: Assigned
  Expiration: Unlimited
Begin MonoManager ReloadAssembly
Native extension for LinuxStandalone target not found
ScheduleIndexationOnStartup MainProcess:True IndexOnStartup:True
Mono: successfully reloaded assembly
- Finished resetting the current domain, in  7,909 seconds
Domain Reload Profiling: 9659ms
	BeginReloadAssembly (355ms)
		DisableScriptedObjects (35ms)
		CreateAndSetChildDomain (80ms)
	RebuildCommonClasses (16ms)
	RebuildNativeTypeToScriptingClass (22ms)
	initialDomainReloadingComplete (84ms)
	LoadAllAssembliesAndSetupDomain (1270ms)
		LoadAssemblies (597ms)
		AnalyzeDomain (583ms)
			TypeCache.Refresh (417ms)
				TypeCache.ScanAssembly (389ms)
			BuildScriptInfoCaches (145ms)
			ResolveRequiredComponents (17ms)
	FinalizeReload (7911ms)
		SetupLoadedEditorAssemblies (0ms)
			InitializePlatformSupportModulesInManaged (4ms)
			BeforeProcessingInitializeOnLoad (188ms)
			ProcessInitializeOnLoadAttributes (6215ms)
			ProcessInitializeOnLoadMethodAttributes (950ms)
			AfterProcessingInitializeOnLoad (10ms)
		AwakeInstancesAfterBackupRestoration (47ms)
Starting new worker id: 0 with log in /home/gabriel/Documentos/Air Hockey/Logs/AssetImportWorkerHW0.log

Asset Pipeline Refresh (id=3998b65559c05ef128d150b92c074c7d): Total: 111.252 seconds - Initiated by InitialRefreshV2(ForceSynchronousImport)
	(Values over 0.05ms)
	Summary:
		Imports: total=0 (actual=0, local cache=0, cache server=0)
		Asset DB Process Time: managed=0 ms, native=9871 ms
		Asset DB Callback time: managed=100 ms, native=12 ms
		Scripting: domain reloads=1, domain reload time=1802 ms, compile time=99370 ms, other=93 ms
		Project Asset Count: scripts=1596, non-scripts=3137
		Asset File Changes: new=0, changed=0, moved=0, deleted=0
		Scan Filter Count: 1
	InvokePackagesCallback: 13,558ms
	ApplyChangesToAssetFolders: 0,804ms
	Scan: 1055,336ms
	Collect global state as custom dependencies: 36,154ms
	CategorizeScriptCompilationAssets: 132,334ms
	ProcessAssetsWithTransientArtifactChanges: 160,302ms
	CategorizeAssets: 130,103ms
	CompileScripts: 99369,957ms
	ImportOutOfDateAssets: 8134,891ms (7957,321ms without children)
		ReloadNativeAssets: 0,071ms
		UnloadImportedAssets: 1,637ms
		EnsureUptoDateAssetsAreRegisteredWithGuidPM: 1,600ms
		ImportSchedulerStart: 174,251ms
	PostProcessAllAssets: 101,106ms
		MonoPostProcessAllAssets: 100,964ms
			UniversalRenderPipelineGlobalSettingsPostprocessor.OnPostprocessAllAssets 27.856ms
			SyncVS.PostprocessSyncProject 21.912ms
			SpeedTree9Postprocessor.OnPostprocessAllAssets 4.863ms
			WindowAssetPostprocessingWatcher.OnPostprocessAllAssets 4.193ms
			EditModeScopePostprocessor.OnPostprocessAllAssets 2.214ms
			RenderPipelineGlobalSettingsPostprocessor.OnPostprocessAllAssets 1.471ms
			ShaderReflectionAssetPostProcessor.OnPostprocessAllAssets 0.704ms
			InputActionAssetPostprocessor.OnPostprocessAllAssets 0.678ms
			ReferencedClipsPostProcessor.OnPostprocessAllAssets 0.628ms
			TerrainToolbarOverlayPostProcessor.OnPostprocessAllAssets 0.441ms
			AssetDatabaseCallbacks.OnPostprocessAllAssets 0.377ms
			ProjectSettingsPostprocessor.OnPostprocessAllAssets 0.357ms
	UnloadStreamsBegin: 5,450ms
	PersistCurrentRevisions: 0,484ms
	GenerateScriptTypeHashes: 4,189ms
	GenerateScriptTypeSerializationHashes: 7,319ms
	Untracked: 2108,524ms

Application.AssetDatabase Initial Refresh End
Shader Hidden/ChartRasterizerHardware is not supported: GPU does not support conservative rasterization
AutoLocale: current locale expects 'C' but got 'pt_BR.UTF-8'Launched and connected shader compiler UnityShaderCompiler after 0.07 seconds
Shader Hidden/ChartRasterizerHardware is not supported: GPU does not support conservative rasterization
Scanning for USB devices : 27.005ms
Initializing Unity extensions:
UpdateMenuTitleForLanguage: 10
[MODES] ModeService[none].Initialize
[MODES] ModeService[none].LoadModes
[MODES] Loading mode Default (0) for mode-current-id-Air Hockey
Unloading 25 Unused Serialized files (Serialized files now loaded: 0)
Loaded scene 'Assets/Scenes/SampleScene.unity'
	Deserialize:            10.183 ms
	Integration:            534.871 ms
	Integration of assets:  0.018 ms
	Thread Wait Time:       0.003 ms
	Total Operation Time:   545.076 ms
[Licensing::Client] Successfully resolved entitlement details
[Licensing::Module] License group:
  Id: F4-BECS-ZC8W-Y4G5-T7U3-XXXX
  Product: Unity Personal
  Type: ULF
  Expiration: Unlimited
[Licensing::Module] License group:
  Id: 4674239138592-UnityPersXXXX
  Product: Unity Personal
  Type: Assigned
  Expiration: Unlimited
Unloading 7378 unused Assets / (8.4 MB). Loaded Objects now: 8533.
Memory consumption went from 237.3 MB to 228.9 MB.
Total: 45.913577 ms (FindLiveObjects: 1.330781 ms CreateObjectMapping: 2.034623 ms MarkObjects: 26.475108 ms  DeleteObjects: 16.069236 ms)

[LAYOUT] About to load UserSettings/Layouts/default-6000.dwlt, keepMainWindow=False
Worker ready: AssetImportWorkerHW0 0
GLX Extensions: GLX_ARB_context_flush_control GLX_ARB_create_context GLX_ARB_create_context_no_error GLX_ARB_create_context_profile GLX_ARB_create_context_robustness GLX_ARB_fbconfig_float GLX_ARB_framebuffer_sRGB GLX_ARB_get_proc_address GLX_ARB_multisample GLX_EXT_buffer_age GLX_EXT_create_context_es2_profile GLX_EXT_create_context_es_profile GLX_EXT_fbconfig_packed_float GLX_EXT_framebuffer_sRGB GLX_EXT_no_config_context GLX_EXT_swap_control GLX_EXT_swap_control_tear GLX_EXT_texture_from_pixmap GLX_EXT_visual_info GLX_EXT_visual_rating GLX_MESA_copy_sub_buffer GLX_MESA_gl_interop GLX_MESA_query_renderer GLX_MESA_swap_control GLX_OML_sync_control GLX_SGIS_multisample GLX_SGIX_fbconfig GLX_SGIX_pbuffer GLX_SGIX_visual_select_group GLX_SGI_make_current_read GLX_SGI_video_sync 
GLX Extensions: GLX_ARB_context_flush_control GLX_ARB_create_context GLX_ARB_create_context_no_error GLX_ARB_create_context_profile GLX_ARB_create_context_robustness GLX_ARB_fbconfig_float GLX_ARB_framebuffer_sRGB GLX_ARB_get_proc_address GLX_ARB_multisample GLX_EXT_buffer_age GLX_EXT_create_context_es2_profile GLX_EXT_create_context_es_profile GLX_EXT_fbconfig_packed_float GLX_EXT_framebuffer_sRGB GLX_EXT_no_config_context GLX_EXT_swap_control GLX_EXT_swap_control_tear GLX_EXT_texture_from_pixmap GLX_EXT_visual_info GLX_EXT_visual_rating GLX_MESA_copy_sub_buffer GLX_MESA_gl_interop GLX_MESA_query_renderer GLX_MESA_swap_control GLX_OML_sync_control GLX_SGIS_multisample GLX_SGIX_fbconfig GLX_SGIX_pbuffer GLX_SGIX_visual_select_group GLX_SGI_make_current_read GLX_SGI_video_sync 
GLX Extensions: GLX_ARB_context_flush_control GLX_ARB_create_context GLX_ARB_create_context_no_error GLX_ARB_create_context_profile GLX_ARB_create_context_robustness GLX_ARB_fbconfig_float GLX_ARB_framebuffer_sRGB GLX_ARB_get_proc_address GLX_ARB_multisample GLX_EXT_buffer_age GLX_EXT_create_context_es2_profile GLX_EXT_create_context_es_profile GLX_EXT_fbconfig_packed_float GLX_EXT_framebuffer_sRGB GLX_EXT_no_config_context GLX_EXT_swap_control GLX_EXT_swap_control_tear GLX_EXT_texture_from_pixmap GLX_EXT_visual_info GLX_EXT_visual_rating GLX_MESA_copy_sub_buffer GLX_MESA_gl_interop GLX_MESA_query_renderer GLX_MESA_swap_control GLX_OML_sync_control GLX_SGIS_multisample GLX_SGIX_fbconfig GLX_SGIX_pbuffer GLX_SGIX_visual_select_group GLX_SGI_make_current_read GLX_SGI_video_sync 
GLX Extensions: GLX_ARB_context_flush_control GLX_ARB_create_context GLX_ARB_create_context_no_error GLX_ARB_create_context_profile GLX_ARB_create_context_robustness GLX_ARB_fbconfig_float GLX_ARB_framebuffer_sRGB GLX_ARB_get_proc_address GLX_ARB_multisample GLX_EXT_buffer_age GLX_EXT_create_context_es2_profile GLX_EXT_create_context_es_profile GLX_EXT_fbconfig_packed_float GLX_EXT_framebuffer_sRGB GLX_EXT_no_config_context GLX_EXT_swap_control GLX_EXT_swap_control_tear GLX_EXT_texture_from_pixmap GLX_EXT_visual_info GLX_EXT_visual_rating GLX_MESA_copy_sub_buffer GLX_MESA_gl_interop GLX_MESA_query_renderer GLX_MESA_swap_control GLX_OML_sync_control GLX_SGIS_multisample GLX_SGIX_fbconfig GLX_SGIX_pbuffer GLX_SGIX_visual_select_group GLX_SGI_make_current_read GLX_SGI_video_sync 
GLX Extensions: GLX_ARB_context_flush_control GLX_ARB_create_context GLX_ARB_create_context_no_error GLX_ARB_create_context_profile GLX_ARB_create_context_robustness GLX_ARB_fbconfig_float GLX_ARB_framebuffer_sRGB GLX_ARB_get_proc_address GLX_ARB_multisample GLX_EXT_buffer_age GLX_EXT_create_context_es2_profile GLX_EXT_create_context_es_profile GLX_EXT_fbconfig_packed_float GLX_EXT_framebuffer_sRGB GLX_EXT_no_config_context GLX_EXT_swap_control GLX_EXT_swap_control_tear GLX_EXT_texture_from_pixmap GLX_EXT_visual_info GLX_EXT_visual_rating GLX_MESA_copy_sub_buffer GLX_MESA_gl_interop GLX_MESA_query_renderer GLX_MESA_swap_control GLX_OML_sync_control GLX_SGIS_multisample GLX_SGIX_fbconfig GLX_SGIX_pbuffer GLX_SGIX_visual_select_group GLX_SGI_make_current_read GLX_SGI_video_sync 
GLX Extensions: GLX_ARB_context_flush_control GLX_ARB_create_context GLX_ARB_create_context_no_error GLX_ARB_create_context_profile GLX_ARB_create_context_robustness GLX_ARB_fbconfig_float GLX_ARB_framebuffer_sRGB GLX_ARB_get_proc_address GLX_ARB_multisample GLX_EXT_buffer_age GLX_EXT_create_context_es2_profile GLX_EXT_create_context_es_profile GLX_EXT_fbconfig_packed_float GLX_EXT_framebuffer_sRGB GLX_EXT_no_config_context GLX_EXT_swap_control GLX_EXT_swap_control_tear GLX_EXT_texture_from_pixmap GLX_EXT_visual_info GLX_EXT_visual_rating GLX_MESA_copy_sub_buffer GLX_MESA_gl_interop GLX_MESA_query_renderer GLX_MESA_swap_control GLX_OML_sync_control GLX_SGIS_multisample GLX_SGIX_fbconfig GLX_SGIX_pbuffer GLX_SGIX_visual_select_group GLX_SGI_make_current_read GLX_SGI_video_sync 
GLX Extensions: GLX_ARB_context_flush_control GLX_ARB_create_context GLX_ARB_create_context_no_error GLX_ARB_create_context_profile GLX_ARB_create_context_robustness GLX_ARB_fbconfig_float GLX_ARB_framebuffer_sRGB GLX_ARB_get_proc_address GLX_ARB_multisample GLX_EXT_buffer_age GLX_EXT_create_context_es2_profile GLX_EXT_create_context_es_profile GLX_EXT_fbconfig_packed_float GLX_EXT_framebuffer_sRGB GLX_EXT_no_config_context GLX_EXT_swap_control GLX_EXT_swap_control_tear GLX_EXT_texture_from_pixmap GLX_EXT_visual_info GLX_EXT_visual_rating GLX_MESA_copy_sub_buffer GLX_MESA_gl_interop GLX_MESA_query_renderer GLX_MESA_swap_control GLX_OML_sync_control GLX_SGIS_multisample GLX_SGIX_fbconfig GLX_SGIX_pbuffer GLX_SGIX_visual_select_group GLX_SGI_make_current_read GLX_SGI_video_sync 
[LAYOUT] About to save layout /home/gabriel/Documentos/Air Hockey/UserSettings/Layouts/default-6000.dwlt
[LAYOUT] About to save layout /home/gabriel/.config/unity3d/Preferences/Editor-5.x/Layouts/current/default-6000.dwlt
[MODES] ModeService[default].InitializeCurrentMode
[MODES] ModeService[default].RaiseModeChanged(default, default)
This project uses Input Manager, which is marked for deprecation. To manage input in your project, use the <a href="https://docs.unity3d.com/Packages/com.unity.inputsystem@latest">Input System package</a> instead.
[Project] Loading completed in 130.958 seconds
	Project init time: 				125.177 seconds
		Template init time: 		0.000 seconds
		Package Manager init time: 		0.658 seconds
		Asset Database init time: 		0.602 seconds
		Global illumination init time: 	0.007 seconds
		Assemblies load time: 			9.392 seconds
		Unity extensions init time: 	0.134 seconds
		Asset Database refresh time: 	111.262 seconds
	Scene opening time: 			5.077 seconds
##utp:{"type":"ProjectInfo","version":2,"phase":"Immediate","time":1788501717837,"processId":15044,"projectLoad":130.958344458,"projectInit":125.176643507,"templateInit":0.0,"packageManagerInit":0.657581137,"assetDatabaseInit":0.602447799,"globalIlluminationInit":0.006975447,"assembliesLoad":9.391832689,"unityExtensionsInit":0.134378802,"assetDatabaseRefresh":111.262218877,"sceneOpening":5.07695745}
##utp:{"type":"EditorInfo","version":2,"phase":"Immediate","time":1788501717837,"processId":15044,"editorVersion":"6000.5.10f1 (3bd4f66ad299)","branch":"6000.5/staging","buildType":"Release","platform":"Linux"}
[Licensing::Client] Successfully resolved entitlement details
[Licensing::Module] License group:
  Id: F4-BECS-ZC8W-Y4G5-T7U3-XXXX
  Product: Unity Personal
  Type: ULF
  Expiration: Unlimited
[Licensing::Module] License group:
  Id: 4674239138592-UnityPersXXXX
  Product: Unity Personal
  Type: Assigned
  Expiration: Unlimited

Asset Pipeline Refresh (id=e0828011da3bab04297672011b6492bd): Total: 0.976 seconds - Initiated by RefreshV2(ForceSynchronousImport)
	(Values over 0.05ms)
	Summary:
		Imports: total=0 (actual=0, local cache=0, cache server=0)
		Asset DB Process Time: managed=0 ms, native=975 ms
		Asset DB Callback time: managed=0 ms, native=0 ms
		Scripting: domain reloads=0, domain reload time=0 ms, compile time=0 ms, other=0 ms
		Project Asset Count: scripts=1596, non-scripts=3137
		Asset File Changes: new=0, changed=0, moved=0, deleted=0
		Scan Filter Count: 1
	InvokePackagesCallback: 0.605ms
	ApplyChangesToAssetFolders: 0.514ms
	Scan: 690.031ms
	Collect global state as custom dependencies: 0.620ms
	ProcessAssetsWithTransientArtifactChanges: 0.888ms
	CategorizeAssets: 112.683ms
	ImportOutOfDateAssets: 139.190ms (33.069ms without children)
		ReloadNativeAssets: 0.081ms
		UnloadImportedAssets: 0.198ms
		EnsureUptoDateAssetsAreRegisteredWithGuidPM: 1.442ms
		ImportSchedulerStart: 104.385ms
	GatherAllCurrentPrimaryImportResultRevisions: 1.141ms
	UnloadStreamsBegin: 5.291ms
	PersistCurrentRevisions: 0.526ms
	Untracked: 20.294ms

Start Indexing on Editor startup
[Indexing] Starting Initial Indexing for Assets
Created GICache directory at /home/gabriel/.cache/unity3d/GiCache. Took: 0.008s, timestamps: [131.089 - 131.098]
[Licensing::Client] Successfully resolved entitlement details
[Licensing::Client] Successfully resolved entitlement details
Starting new worker id: 1 with log in /home/gabriel/Documentos/Air Hockey/Logs/AssetImportWorkerHW1.log
[Licensing::Client] Successfully resolved entitlement details
[Worker0] Imported GUID: 7598919e4b5950b33b444685e063f03f - Path: Assets/Settings/Build Profiles/Linux.asset - Importer: ScriptedImporter/UnityEditor.QuickSearchModule:UnityEditor.Search:ASIAI0B -> (ImportResultId: 'a35e135fac76ef31cb2f335a7b8ac968') in 0.411009819 seconds
[Worker0] Imported GUID: 93b439a37f63240aca3dd4e01d978a9f - Path: Assets/Settings/UniversalRenderPipelineGlobalSettings.asset - Importer: ScriptedImporter/UnityEditor.QuickSearchModule:UnityEditor.Search:ASIAI0B -> (ImportResultId: 'be595e44020b22367803e701c8bf588e') in 0.097014314 seconds
[Worker0] Imported GUID: 681886c5eb7344803b6206f758bf0b1c - Path: Assets/Settings/UniversalRP.asset - Importer: ScriptedImporter/UnityEditor.QuickSearchModule:UnityEditor.Search:ASIAI0B -> (ImportResultId: 'abe0c3166ad83a5b72360b7931792f85') in 0.159043097 seconds
[Worker0] Imported GUID: a1acb63ece3f0864bbda971f514778cf - Path: Assets/Mouse.cs - Importer: ScriptedImporter/UnityEditor.QuickSearchModule:UnityEditor.Search:ASIAI0B -> (ImportResultId: '59e852ecac57852db5fb0aa0242bb205') in 0.053084683 seconds
[Worker0] Imported GUID: 3f9215ea0144899419cfbc0957140d3f - Path: Assets/Settings/DefaultVolumeProfile.asset - Importer: ScriptedImporter/UnityEditor.QuickSearchModule:UnityEditor.Search:ASIAI0B -> (ImportResultId: 'c51eaaf134185bc3cfe6473c67f3aa97') in 0.043923967 seconds
[Worker0] Imported GUID: a465d9aecdee7b193b8dc7e380c73626 - Path: Assets/Settings/Build Profiles - Importer: ScriptedImporter/UnityEditor.QuickSearchModule:UnityEditor.Search:ASIAI0B -> (ImportResultId: '7aeabfbcf3b4b91069aff093f2ca6b25') in 0.044884417 seconds
[Licensing::Client] Successfully updated the access token
[Licensing::Module] Successfully updated access token: "s3Pw77pD"... (expires: 2026-09-04T07:08:18Z)
UPID Received '37e936a2-42b8-4989-871f-25949d9b254e'.
GLX Extensions: GLX_ARB_context_flush_control GLX_ARB_create_context GLX_ARB_create_context_no_error GLX_ARB_create_context_profile GLX_ARB_create_context_robustness GLX_ARB_fbconfig_float GLX_ARB_framebuffer_sRGB GLX_ARB_get_proc_address GLX_ARB_multisample GLX_EXT_buffer_age GLX_EXT_create_context_es2_profile GLX_EXT_create_context_es_profile GLX_EXT_fbconfig_packed_float GLX_EXT_framebuffer_sRGB GLX_EXT_no_config_context GLX_EXT_swap_control GLX_EXT_swap_control_tear GLX_EXT_texture_from_pixmap GLX_EXT_visual_info GLX_EXT_visual_rating GLX_MESA_copy_sub_buffer GLX_MESA_gl_interop GLX_MESA_query_renderer GLX_MESA_swap_control GLX_OML_sync_control GLX_SGIS_multisample GLX_SGIX_fbconfig GLX_SGIX_pbuffer GLX_SGIX_visual_select_group GLX_SGI_make_current_read GLX_SGI_video_sync 
SpriteAtlasPacking completed in 0.101130 sec
Entering Playmode with Reload Domain disabled.
If you experience any issues, please disable "Enter Play Mode Options" in Editor Settings
Worker ready: AssetImportWorkerHW1 1
Loaded scene 'Temp/__Backupscenes/0.backup'
	Deserialize:            8.929 ms
	Integration:            1991.229 ms
	Integration of assets:  0.018 ms
	Thread Wait Time:       1.880 ms
	Total Operation Time:   2002.055 ms
[Licensing::Client] Successfully resolved entitlement details
Unloading 8 Unused Serialized files (Serialized files now loaded: 0)
Loaded scene 'Temp/__Backupscenes/0.backup'
	Deserialize:            3.341 ms
	Integration:            505.065 ms
	Integration of assets:  0.006 ms
	Thread Wait Time:       0.026 ms
	Total Operation Time:   508.437 ms
Unloading 2 unused Assets / (188.9 KB). Loaded Objects now: 9330.
Memory consumption went from 327.0 MB to 326.8 MB.
Total: 84.719041 ms (FindLiveObjects: 1.450577 ms CreateObjectMapping: 1.277495 ms MarkObjects: 81.680903 ms  DeleteObjects: 0.305599 ms)

[Licensing::Client] Successfully resolved entitlement details
[Licensing::Module] License group:
  Id: F4-BECS-ZC8W-Y4G5-T7U3-XXXX
  Product: Unity Personal
  Type: ULF
  Expiration: Unlimited
[Licensing::Module] License group:
  Id: 4674239138592-UnityPersXXXX
  Product: Unity Personal
  Type: Assigned
  Expiration: Unlimited
GLX Extensions: GLX_ARB_context_flush_control GLX_ARB_create_context GLX_ARB_create_context_no_error GLX_ARB_create_context_profile GLX_ARB_create_context_robustness GLX_ARB_fbconfig_float GLX_ARB_framebuffer_sRGB GLX_ARB_get_proc_address GLX_ARB_multisample GLX_EXT_buffer_age GLX_EXT_create_context_es2_profile GLX_EXT_create_context_es_profile GLX_EXT_fbconfig_packed_float GLX_EXT_framebuffer_sRGB GLX_EXT_no_config_context GLX_EXT_swap_control GLX_EXT_swap_control_tear GLX_EXT_texture_from_pixmap GLX_EXT_visual_info GLX_EXT_visual_rating GLX_MESA_copy_sub_buffer GLX_MESA_gl_interop GLX_MESA_query_renderer GLX_MESA_swap_control GLX_OML_sync_control GLX_SGIS_multisample GLX_SGIX_fbconfig GLX_SGIX_pbuffer GLX_SGIX_visual_select_group GLX_SGI_make_current_read GLX_SGI_video_sync 
[ScriptCompilation] Requested script compilation because: AssetDatabase observed changes in script compilation related files
Refreshing native plugins compatible for Editor in 2.75 ms, found 1 plugins.

Asset Pipeline Refresh (id=722fddb46353bc6beb06c1ea3eee2c3e): Total: 0.998 seconds - Initiated by RefreshV2(NoUpdateAssetOptions)
	(Values over 0.05ms)
	Summary:
		Imports: total=0 (actual=0, local cache=0, cache server=0)
		Asset DB Process Time: managed=0 ms, native=619 ms
		Asset DB Callback time: managed=361 ms, native=15 ms
		Scripting: domain reloads=0, domain reload time=0 ms, compile time=1 ms, other=0 ms
		Project Asset Count: scripts=1596, non-scripts=3137
		Asset File Changes: new=0, changed=1, moved=0, deleted=0
		Scan Filter Count: 1
	ApplyChangesToAssetFolders: 0.406ms
	Scan: 407.266ms
	Collect global state as custom dependencies: 0.367ms
	OnSourceAssetsModified: 1.635ms
	CategorizeScriptCompilationAssets: 0.599ms
	ProcessAssetsWithTransientArtifactChanges: 1.391ms
	CategorizeAssets: 45.911ms
	CompileScripts: 1.146ms
	ImportOutOfDateAssets: 107.928ms (22.562ms without children)
		ReloadNativeAssets: 0.082ms
		UnloadImportedAssets: 0.198ms
		EnsureUptoDateAssetsAreRegisteredWithGuidPM: 1.411ms
		ImportSchedulerStart: 83.670ms
	PostProcessAllAssets: 371.867ms
		XRBuildSystem.XRAssetImported 10.669ms
		PostProcessCallbackCreateDeferredMaterials 0.103ms
		MonoPostProcessAllAssets: 359.833ms
			AssetPostprocessor.OnPostprocessAllAssets 261.126ms
			BuilderAssetPostprocessor.OnPostprocessAllAssets 30.462ms
			SpriteSlicePostprocessor.OnPostprocessAllAssets 13.843ms
			ShaderGraphAssetPostProcessor.OnPostprocessAllAssets 4.268ms
			TMPro_TexturePostProcessor.OnPostprocessAllAssets 3.345ms
			SyncVS.PostprocessSyncProject 3.061ms
			SpriteEditorTexturePostprocessor.OnPostprocessAllAssets 2.924ms
			RetainedModeAssetPostprocessor.OnPostprocessAllAssets 2.704ms
			MaterialPostprocessor.OnPostprocessAllAssets 2.114ms
			SpriteShapeAssetPostProcessor.OnPostprocessAllAssets 2.004ms
			PostProcessor.OnPostprocessAllAssets 1.899ms
			ArtifactBrowserPostProcessor.OnPostprocessAllAssets 1.587ms
			SpriteLibraryAssetPostprocessor.OnPostprocessAllAssets 1.404ms
			UVCSAssetPostprocessor.OnPostprocessAllAssets 1.395ms
			AudioMixerPostprocessor.OnPostprocessAllAssets 1.380ms
			TextAssetPostProcessor.OnPostprocessAllAssets 1.338ms
			StyleCatalogPostProcessor.OnPostprocessAllAssets 1.223ms
			InputActionJsonNameModifierAssetProcessor.OnPostprocessAllAssets 1.153ms
			PSDImportPostProcessor.OnPostprocessAllAssets 1.097ms
			ConfigAssetsTracker.OnPostprocessAllAssets 1.076ms
			ScenarioDriftAssetsTracker.OnPostprocessAllAssets 0.983ms
			SampleDependencyImporterPostProcessor.OnPostprocessAllAssets 0.942ms
			AssetProcessor.OnPostprocessAllAssets 0.938ms
			AssetChangedListener.OnPostprocessAllAssets 0.786ms
			PSDImporterAssetPostProcessor.OnPostprocessAllAssets 0.768ms
			AssetEvents.OnPostprocessAllAssets 0.759ms
			SpeedTreePostProcessor.OnPostprocessAllAssets 0.543ms
			AssetReloadNotifier.OnPostprocessAllAssets 0.449ms
			SamplePostprocessor.OnPostprocessAllAssets 0.412ms
			InputActionAssetPostprocessor.OnPostprocessAllAssets 0.362ms
			AudioContainerPostProcessor.OnPostprocessAllAssets 0.272ms
			RenderPipelineGlobalSettingsPostprocessor.OnPostprocessAllAssets 0.107ms
	PostAssetChangesProfiler: 3.412ms
	GatherAllCurrentPrimaryImportResultRevisions: 0.819ms
	PersistCurrentRevisions: 0.575ms
	Untracked: 53.328ms

info: Microsoft.AspNetCore.Hosting.Diagnostics[1]
      Request starting HTTP/2 POST http://ilpp/UnityILPP.PostProcessing/Ping - application/grpc -
info: Microsoft.AspNetCore.Routing.EndpointMiddleware[0]
      Executing endpoint 'gRPC - /UnityILPP.PostProcessing/Ping'
info: Microsoft.AspNetCore.Routing.EndpointMiddleware[1]
      Executed endpoint 'gRPC - /UnityILPP.PostProcessing/Ping'
info: Microsoft.AspNetCore.Hosting.Diagnostics[2]
      Request finished HTTP/2 POST http://ilpp/UnityILPP.PostProcessing/Ping - 200 - application/grpc 12.7698ms
Starting: /home/gabriel/Unity/Hub/Editor/6000.5.10f1/Editor/Data/Tools/BuildPipeline/bee_backend --ipc --defer-dag-verification --dagfile="Library/Bee/2400b0aE.dag" --continue-on-failure --profile="Library/Bee/backend1.traceevents" ScriptAssemblies
WorkingDir: /home/gabriel/Documentos/Air Hockey
info: Microsoft.AspNetCore.Hosting.Diagnostics[1]
      Request starting HTTP/2 POST http://ilpp/UnityILPP.PostProcessing/ConfigurePostProcessors - application/grpc -
info: Microsoft.AspNetCore.Routing.EndpointMiddleware[0]
      Executing endpoint 'gRPC - /UnityILPP.PostProcessing/ConfigurePostProcessors'
info: Unity.ILPP.Runner.PostProcessingAssemblyLoadContext[0]
      Current configuration matches the requested one, skipping
info: Microsoft.AspNetCore.Routing.EndpointMiddleware[1]
      Executed endpoint 'gRPC - /UnityILPP.PostProcessing/ConfigurePostProcessors'
info: Microsoft.AspNetCore.Hosting.Diagnostics[2]
      Request finished HTTP/2 POST http://ilpp/UnityILPP.PostProcessing/ConfigurePostProcessors - 200 - application/grpc 10.9519ms
TrimDiskCacheJob: Current cache size 0mb
[Worker0] Imported GUID: a1acb63ece3f0864bbda971f514778cf - Path: Assets/Mouse.cs - Importer: ScriptedImporter/UnityEditor.QuickSearchModule:UnityEditor.Search:ASIAI0B -> (ImportResultId: 'd0a7e9555afe2bcd4c2f874094a5b175') in 0.032650502 seconds
info: Microsoft.AspNetCore.Hosting.Diagnostics[1]
      Request starting HTTP/2 POST http://ilpp/UnityILPP.PostProcessing/PostProcessAssembly - application/grpc -
info: Microsoft.AspNetCore.Routing.EndpointMiddleware[0]
      Executing endpoint 'gRPC - /UnityILPP.PostProcessing/PostProcessAssembly'
info: Unity.ILPP.Runner.PostProcessingPipeline[0]
      Processing assembly Library/Bee/artifacts/2400b0aE.dag/Assembly-CSharp.dll, with 134 defines and 353 references
info: Unity.ILPP.Runner.PostProcessingPipeline[0]
      processors: Unity.Jobs.CodeGen.JobsILPostProcessor, zzzUnity.Burst.CodeGen.BurstILPostProcessor
info: Unity.ILPP.Runner.PostProcessingPipeline[0]
      running Unity.Jobs.CodeGen.JobsILPostProcessor
info: Unity.ILPP.Runner.PostProcessingPipeline[0]
      running zzzUnity.Burst.CodeGen.BurstILPostProcessor
info: Microsoft.AspNetCore.Routing.EndpointMiddleware[1]
      Executed endpoint 'gRPC - /UnityILPP.PostProcessing/PostProcessAssembly'
info: Microsoft.AspNetCore.Hosting.Diagnostics[2]
      Request finished HTTP/2 POST http://ilpp/UnityILPP.PostProcessing/PostProcessAssembly - 200 - application/grpc 67.0436ms
ExitCode: 0 Duration: 0s828ms
[ 787/1038  0s] ILPP-Configuration Library/ilpp-configuration.nevergeneratedoutput
[1034/1038  0s] Csc Library/Bee/artifacts/2400b0aE.dag/Assembly-CSharp.dll (+2 others)
[1035/1038  0s] ILPostProcess Library/Bee/artifacts/2400b0aE.dag/post-processed/Assembly-CSharp.dll (+pdb)
Processing assembly Library/Bee/artifacts/2400b0aE.dag/Assembly-CSharp.dll, with 134 defines and 353 references
processors: Unity.Jobs.CodeGen.JobsILPostProcessor, zzzUnity.Burst.CodeGen.BurstILPostProcessor
running Unity.Jobs.CodeGen.JobsILPostProcessor
running zzzUnity.Burst.CodeGen.BurstILPostProcessor
[1036/1038  0s] CopyFiles Library/ScriptAssemblies/Assembly-CSharp.dll
[1037/1038  0s] CopyFiles Library/ScriptAssemblies/Assembly-CSharp.pdb
*** Tundra build success (0.68 seconds), 5 items updated, 1038 evaluated
Reloading assemblies after finishing script compilation.
Total cache size 129192388
Reloading assemblies after forced synchronous recompile.
Total cache size after purge 129192388, took 00:00:00.0997672
Begin MonoManager ReloadAssembly
Native extension for LinuxStandalone target not found
[MODES] ModeService[none].Initialize
[MODES] ModeService[none].LoadModes
ScheduleIndexationOnStartup MainProcess:True IndexOnStartup:True
Mono: successfully reloaded assembly
- Finished resetting the current domain, in  3.973 seconds
Domain Reload Profiling: 6944ms
	BeginReloadAssembly (1884ms)
		DisableScriptedObjects (210ms)
		CreateAndSetChildDomain (1071ms)
	RebuildCommonClasses (18ms)
	RebuildNativeTypeToScriptingClass (22ms)
	initialDomainReloadingComplete (99ms)
	LoadAllAssembliesAndSetupDomain (945ms)
		LoadAssemblies (346ms)
		AnalyzeDomain (515ms)
			TypeCache.Refresh (29ms)
			BuildScriptInfoCaches (420ms)
			ResolveRequiredComponents (59ms)
	FinalizeReload (3976ms)
		SetupLoadedEditorAssemblies (0ms)
			InitializePlatformSupportModulesInManaged (4ms)
			BeforeProcessingInitializeOnLoad (549ms)
			ProcessInitializeOnLoadAttributes (900ms)
			ProcessInitializeOnLoadMethodAttributes (272ms)
			AfterProcessingInitializeOnLoad (9ms)
		AwakeInstancesAfterBackupRestoration (1033ms)

Asset Pipeline Refresh (id=de39a05666e7a7ed7a872ec3e9748d31): Total: 7.548 seconds - Initiated by StopAssetImportingV2(ForceSynchronousImport | ForceDomainReload)
	(Values over 0.05ms)
	Summary:
		Imports: total=0 (actual=0, local cache=0, cache server=0)
		Asset DB Process Time: managed=0 ms, native=4396 ms
		Asset DB Callback time: managed=112 ms, native=0 ms
		Scripting: domain reloads=1, domain reload time=3035 ms, compile time=4 ms, other=0 ms
		Project Asset Count: scripts=1596, non-scripts=3137
		Asset File Changes: new=0, changed=0, moved=0, deleted=0
		Scan Filter Count: 0
	InvokePackagesCallback: 0.767ms
	ApplyChangesToAssetFolders: 0.605ms
	Collect global state as custom dependencies: 5.978ms
	ProcessAssetsWithTransientArtifactChanges: 8.613ms
	CategorizeAssets: 141.190ms
	CompileScripts: 3.756ms
	ImportOutOfDateAssets: 4117.388ms (4011.268ms without children)
		CollectScriptTypesHashes: 5.357ms
		ReloadNativeAssets: 2.392ms
		UnloadImportedAssets: 3.841ms
		EnsureUptoDateAssetsAreRegisteredWithGuidPM: 1.887ms
		ImportSchedulerStart: 97.940ms
	PostProcessAllAssets: 112.093ms
		MonoPostProcessAllAssets: 112.081ms
			AssetPostprocessor.OnPostprocessAllAssets 261.126ms
			UniversalRenderPipelineGlobalSettingsPostprocessor.OnPostprocessAllAssets 39.875ms
			BuilderAssetPostprocessor.OnPostprocessAllAssets 30.462ms
			SyncVS.PostprocessSyncProject 22.198ms
			SpriteSlicePostprocessor.OnPostprocessAllAssets 13.843ms
			SpeedTree9Postprocessor.OnPostprocessAllAssets 5.982ms
			WindowAssetPostprocessingWatcher.OnPostprocessAllAssets 4.800ms
			ShaderGraphAssetPostProcessor.OnPostprocessAllAssets 4.268ms
			TMPro_TexturePostProcessor.OnPostprocessAllAssets 3.345ms
			SpriteEditorTexturePostprocessor.OnPostprocessAllAssets 2.924ms
			RetainedModeAssetPostprocessor.OnPostprocessAllAssets 2.704ms
			EditModeScopePostprocessor.OnPostprocessAllAssets 2.576ms
			ProjectSettingsPostprocessor.OnPostprocessAllAssets 2.189ms
			MaterialPostprocessor.OnPostprocessAllAssets 2.114ms
			SpriteShapeAssetPostProcessor.OnPostprocessAllAssets 2.004ms
			PostProcessor.OnPostprocessAllAssets 1.899ms
			RenderPipelineGlobalSettingsPostprocessor.OnPostprocessAllAssets 1.816ms
			ArtifactBrowserPostProcessor.OnPostprocessAllAssets 1.587ms
			SpriteLibraryAssetPostprocessor.OnPostprocessAllAssets 1.404ms
			UVCSAssetPostprocessor.OnPostprocessAllAssets 1.395ms
			AudioMixerPostprocessor.OnPostprocessAllAssets 1.380ms
			TextAssetPostProcessor.OnPostprocessAllAssets 1.338ms
			StyleCatalogPostProcessor.OnPostprocessAllAssets 1.223ms
			ShaderReflectionAssetPostProcessor.OnPostprocessAllAssets 1.205ms
			InputActionJsonNameModifierAssetProcessor.OnPostprocessAllAssets 1.153ms
			PSDImportPostProcessor.OnPostprocessAllAssets 1.097ms
			ConfigAssetsTracker.OnPostprocessAllAssets 1.076ms
			ScenarioDriftAssetsTracker.OnPostprocessAllAssets 0.983ms
			SampleDependencyImporterPostProcessor.OnPostprocessAllAssets 0.942ms
			AssetProcessor.OnPostprocessAllAssets 0.938ms
			InputActionAssetPostprocessor.OnPostprocessAllAssets 0.850ms
			AssetChangedListener.OnPostprocessAllAssets 0.786ms
			ReferencedClipsPostProcessor.OnPostprocessAllAssets 0.779ms
			PSDImporterAssetPostProcessor.OnPostprocessAllAssets 0.768ms
			AssetEvents.OnPostprocessAllAssets 0.759ms
			SpeedTreePostProcessor.OnPostprocessAllAssets 0.543ms
			TerrainToolbarOverlayPostProcessor.OnPostprocessAllAssets 0.482ms
			AssetReloadNotifier.OnPostprocessAllAssets 0.449ms
			SamplePostprocessor.OnPostprocessAllAssets 0.412ms
			AssetDatabaseCallbacks.OnPostprocessAllAssets 0.409ms
			AudioContainerPostProcessor.OnPostprocessAllAssets 0.272ms
	GatherAllCurrentPrimaryImportResultRevisions: 0.396ms
	PersistCurrentRevisions: 0.519ms
	GenerateScriptTypeHashes: 8.806ms
	GenerateScriptTypeSerializationHashes: 14.088ms
	Untracked: 3149.822ms

[Licensing::Client] Successfully resolved entitlement details
[Licensing::Client] Successfully resolved entitlement details
GLX Extensions: GLX_ARB_context_flush_control GLX_ARB_create_context GLX_ARB_create_context_no_error GLX_ARB_create_context_profile GLX_ARB_create_context_robustness GLX_ARB_fbconfig_float GLX_ARB_framebuffer_sRGB GLX_ARB_get_proc_address GLX_ARB_multisample GLX_EXT_buffer_age GLX_EXT_create_context_es2_profile GLX_EXT_create_context_es_profile GLX_EXT_fbconfig_packed_float GLX_EXT_framebuffer_sRGB GLX_EXT_no_config_context GLX_EXT_swap_control GLX_EXT_swap_control_tear GLX_EXT_texture_from_pixmap GLX_EXT_visual_info GLX_EXT_visual_rating GLX_MESA_copy_sub_buffer GLX_MESA_gl_interop GLX_MESA_query_renderer GLX_MESA_swap_control GLX_OML_sync_control GLX_SGIS_multisample GLX_SGIX_fbconfig GLX_SGIX_pbuffer GLX_SGIX_visual_select_group GLX_SGI_make_current_read GLX_SGI_video_sync 
SpriteAtlasPacking completed in 0.009688 sec
Entering Playmode with Reload Domain disabled.
If you experience any issues, please disable "Enter Play Mode Options" in Editor Settings
Loaded scene 'Temp/__Backupscenes/0.backup'
	Deserialize:            132.058 ms
	Integration:            1259.181 ms
	Integration of assets:  0.188 ms
	Thread Wait Time:       -0.165 ms
	Total Operation Time:   1391.262 ms
Unloading 4 Unused Serialized files (Serialized files now loaded: 0)
Loaded scene 'Temp/__Backupscenes/0.backup'
	Deserialize:            3.049 ms
	Integration:            486.230 ms
	Integration of assets:  0.008 ms
	Thread Wait Time:       0.010 ms
	Total Operation Time:   489.297 ms
Unloading 18 unused Assets / (123.5 KB). Loaded Objects now: 9344.
Memory consumption went from 318.9 MB to 318.8 MB.
Total: 61.533398 ms (FindLiveObjects: 1.087129 ms CreateObjectMapping: 0.842105 ms MarkObjects: 59.515371 ms  DeleteObjects: 0.086211 ms)

GLX Extensions: GLX_ARB_context_flush_control GLX_ARB_create_context GLX_ARB_create_context_no_error GLX_ARB_create_context_profile GLX_ARB_create_context_robustness GLX_ARB_fbconfig_float GLX_ARB_framebuffer_sRGB GLX_ARB_get_proc_address GLX_ARB_multisample GLX_EXT_buffer_age GLX_EXT_create_context_es2_profile GLX_EXT_create_context_es_profile GLX_EXT_fbconfig_packed_float GLX_EXT_framebuffer_sRGB GLX_EXT_no_config_context GLX_EXT_swap_control GLX_EXT_swap_control_tear GLX_EXT_texture_from_pixmap GLX_EXT_visual_info GLX_EXT_visual_rating GLX_MESA_copy_sub_buffer GLX_MESA_gl_interop GLX_MESA_query_renderer GLX_MESA_swap_control GLX_OML_sync_control GLX_SGIS_multisample GLX_SGIX_fbconfig GLX_SGIX_pbuffer GLX_SGIX_visual_select_group GLX_SGI_make_current_read GLX_SGI_video_sync 
GLX Extensions: GLX_ARB_context_flush_control GLX_ARB_create_context GLX_ARB_create_context_no_error GLX_ARB_create_context_profile GLX_ARB_create_context_robustness GLX_ARB_fbconfig_float GLX_ARB_framebuffer_sRGB GLX_ARB_get_proc_address GLX_ARB_multisample GLX_EXT_buffer_age GLX_EXT_create_context_es2_profile GLX_EXT_create_context_es_profile GLX_EXT_fbconfig_packed_float GLX_EXT_framebuffer_sRGB GLX_EXT_no_config_context GLX_EXT_swap_control GLX_EXT_swap_control_tear GLX_EXT_texture_from_pixmap GLX_EXT_visual_info GLX_EXT_visual_rating GLX_MESA_copy_sub_buffer GLX_MESA_gl_interop GLX_MESA_query_renderer GLX_MESA_swap_control GLX_OML_sync_control GLX_SGIS_multisample GLX_SGIX_fbconfig GLX_SGIX_pbuffer GLX_SGIX_visual_select_group GLX_SGI_make_current_read GLX_SGI_video_sync 
Warning: X server took longer than 101 milliseconds to respond to GtkWidgetFocusing
Warning: X server took longer than 107 milliseconds to respond to GtkWidgetFocusing
MonoPathRemapper: Attempts to remap: 84148; Successful remaps: 23776
Serialized file version minimum: 23, current 23
[LAYOUT] About to save layout /home/gabriel/Documentos/Air Hockey/UserSettings/Layouts/default-6000.dwlt
[LAYOUT] About to save layout /home/gabriel/.config/unity3d/Preferences/Editor-5.x/Layouts/current/default-6000.dwlt
Desligando Servidor MSBuild...
Desligando Servidor do compilador VB/C#...
Servidor MSBuild desligado com sucesso.
Servidor do compilador VB/C# desligado com sucesso.
[Physics::Module] Cleanup current backend.
[Physics::Module] Id: 0xf2b8ea05
Input System module state changed to: ShutdownInProgress.
Input Polling Thread exited.
Input System module state changed to: Shutdown.
[Licensing::IpcConnector] LicenseClient-gabriel-6000.5.10-notifications channel disconnected successfully.
[Licensing::IpcConnector] LicenseClient-gabriel-6000.5.10 channel disconnected successfully.
Lingering sessions upon destruction of worker manager
AcceleratorClientConnectionCallback - disconnected - :0
info: Microsoft.Hosting.Lifetime[0]
      Application is shutting down...
info: Unity.ILPP.Runner.PostProcessingAssemblyLoadContext[0]
      ALC ILPP context 2 is unloading
Cleanup mono
CodeReloadManager destroyed
debugger-agent: Unable to listen on 147

SDL leaked 2 allocations
Turn on UNITY_SDL_ALLOCATION_TRACKING for detailed information.
Checking for leaked weakptr:
  Found no leaked weakptrs.
[Package Manager] Server process was shutdown
##utp:{"type":"MemoryLeaks","version":2,"phase":"Immediate","time":1788501915839,"processId":15044,"allocatedMemory":46865916,"memoryLabels":[{"Default":255250},{"Permanent":16152},{"Thread":1051872},{"Manager":811705},{"VertexData":8},{"Geometry":408},{"Texture":24},{"Shader":856128},{"Material":24},{"GfxDevice":36528},{"Animation":1016},{"Audio":1176},{"FreeType":8},{"FontEngine":736},{"Physics":2146},{"Physics2D":16},{"Serialization":1448},{"Input":60256},{"JobScheduler":256},{"TextLib":14763},{"Mono":80},{"MonoCode":672},{"ScriptingNativeRuntime":155088},{"BaseObject":1624784},{"Resource":1032},{"Renderer":3072},{"Transform":4717},{"File":3801},{"WebCam":80},{"Culling":32},{"Terrain":11346},{"Wind":24},{"String":32171},{"StaticString":4140},{"Utility":2673328},{"PoolAlloc":2152},{"AI":80},{"TypeTree":193740},{"CodeReload":448},{"RuntimeInitializeOnLoadManager":64},{"Sprites":102},{"SpriteAtlas":120},{"GI":7408},{"Director":8280},{"CloudService":7768},{"WebRequest":5660},{"VR":47018},{"SceneManager":640},{"Video":64},{"LazyScriptCache":32},{"NativeArray":33048456},{"Camera":17},{"Secure":9809},{"SerializationCache":1576},{"APIUpdating":10320},{"Subsystems":336},{"VirtualTexturing":57552},{"StaticSafetyDebugInfo":278528},{"Analytics":760},{"Hierarchy":1424},{"UIElements":304336},{"CoreStats":13688},{"Identifiers":6768},{"Gui":299},{"EditorUtility":157080},{"VersionControl":8},{"Undo":963},{"AssetDatabase":5024565},{"AssetImporter":40},{"EditorGi":328},{"UnityConnect":35345},{"Upm":1836},{"UpmDiagnostics":8},{"AssetCompliance":64},{"DrivenProperties":72},{"LocalIPC":160},{"ProfilerEditor":9746},{"CoreBusinessMetrics":2401},{"Windowing":480},{"Licensing":1128},{"AssetReference":32},{"IPCStream":32}]}
